idx,Total Assets,신용 대출 한도,직장인 대출 한도,신차 대출 한도,전세 자금 대출 한도,아파트 담보 대출 한도,name,address
1,25225150.0,3000000.0,31500000.0,12000000,43500000,19500000,안유진,충청북도 안산시 상록구 역삼0길
2,82565150.0,3000000.0,40300000.0,58000000,19500000,43500000,이경희,세종특별자치시 남구 봉은사521로 (영철이주읍)
3,22675150.0,3000000.0,29400000.0,72600000,45500000,76500000,성영철,부산광역시 성동구 양재천119로
4,110815150.0,3000000.0,88400000.0,75400000,08500000,85500000,김정수,대구광역시 강서구 가락63가
5,115975150.0,3000000.0,69000000.0,31900000,07500000,81500000,양정웅,광주광역시 은평구 역삼길 (지아김마을)
6,109805150.0,3000000.0,75300000.0,31900000,69500000,48500000,김중수,울산광역시 송파구 강남대로
7,48585150.0,3000000.0,97900000.0,58900000,85500000,44500000,우현정,경상남도 서천군 백제고분55거리
8,53145150.0,3000000.0,88000000.0,50200000,42500000,71500000,이순옥,강원도 의왕시 오금210로 (영희김리)
9,74845150.0,3000000.0,73600000.0,18000000,99500000,54500000,김영자,인천광역시 강남구 역삼125길
10,100645150.0,3000000.0,39200000.0,14000000,16500000,21500000,안경숙,부산광역시 남구 가락로
11,73515150.0,3000000.0,54700000.0,94400000,31500000,90500000,이미경,제주특별자치도 평택시 양재천051길 (서연이동)
12,72095150.0,3000000.0,26200000.0,99400000,95500000,08500000,김지훈,전라북도 구리시 서초대65길 (진호고면)
13,43675150.0,3000000.0,77400000.0,45300000,78500000,91500000,박건우,부산광역시 관악구 오금632로 (영수김면)
14,56685150.0,3000000.0,87400000.0,61100000,73500000,75500000,이은서,제주특별자치도 안성시 반포대9거리
15,108895150.0,3000000.0,84700000.0,85200000,03500000,80500000,김광수,인천광역시 마포구 오금길 (현주강마을)
16,45085150.0,3000000.0,79000000.0,16900000,42500000,98500000,황준영,경상남도 시흥시 백제고분583로 (재현강마을)
17,57335150.0,3000000.0,49400000.0,56200000,23500000,93500000,강승현,광주광역시 강동구 역삼360거리
18,60305150.0,3000000.0,43400000.0,95200000,44500000,43500000,손지영,강원도 증평군 양재천0가
19,95255150.0,3000000.0,97100000.0,01700000,49500000,83500000,안하윤,인천광역시 중구 테헤란길
20,110235150.0,3000000.0,10800000.0,49800000,79500000,63500000,박영길,충청북도 김포시 테헤란123길 (재호이면)
21,62205150.0,3000000.0,87600000.0,74500000,47500000,97500000,이서윤,충청북도 진천군 서초대거리 (예준김조리)
22,22195150.0,3000000.0,28800000.0,24200000,13500000,43500000,김정훈,대전광역시 용산구 개포70거리 (중수서마을)
23,57755150.0,3000000.0,80900000.0,47900000,73500000,39500000,이미영,제주특별자치도 논산시 언주거리 (영환김동)
24,50705150.0,3000000.0,32300000.0,08100000,24500000,52500000,이진우,경상남도 부천시 반포대가
25,87515150.0,3000000.0,73800000.0,13600000,83500000,58500000,배미영,울산광역시 중랑구 삼성가
26,66865150.0,3000000.0,31400000.0,42500000,86500000,56500000,강영미,전라남도 안산시 단원구 개포1길
27,30665150.0,3000000.0,38900000.0,42400000,58500000,30500000,배정숙,전라남도 용인시 수지구 역삼가 (영진정동)
28,64205150.0,3000000.0,18000000.0,05500000,31500000,36500000,박미정,대구광역시 서초구 서초대8가 (옥자김면)
29,23965150.0,3000000.0,76200000.0,46200000,52500000,96500000,배서연,제주특별자치도 고양시 일산서구 강남대로 (영일서읍)
30,49485150.0,3000000.0,22500000.0,33300000,84500000,08500000,김정훈,서울특별시 강남구 테헤란길 (준영윤홍리)
31,109325150.0,3000000.0,68200000.0,04700000,56500000,61500000,송경희,서울특별시 광진구 백제고분가
32,30515150.0,3000000.0,73300000.0,05300000,29500000,40500000,이성수,인천광역시 광진구 서초중앙2가 (수빈노리)
33,93345150.0,3000000.0,60600000.0,94100000,57500000,64500000,김성현,충청남도 보령시 오금471거리
34,78185150.0,3000000.0,26700000.0,29100000,51500000,74500000,최성훈,세종특별자치시 관악구 개포27길 (진호이김읍)
35,93175150.0,3000000.0,66800000.0,17500000,39500000,60500000,이정순,경기도 평택시 가락길
36,63335150.0,3000000.0,28700000.0,10000000,12500000,14500000,박정순,충청북도 수원시 권선구 언주길
37,77255150.0,3000000.0,19800000.0,79600000,40500000,12500000,류정희,대전광역시 북구 선릉726길
38,49155150.0,3000000.0,47800000.0,08400000,74500000,04500000,장준영,경상남도 남양주시 오금길 (명숙최박읍)
39,46855150.0,3000000.0,32900000.0,89400000,52500000,86500000,문지영,인천광역시 용산구 논현8가 (지원지한동)
40,63795150.0,3000000.0,66900000.0,63500000,67500000,86500000,문지연,광주광역시 중구 언주846가
41,92635150.0,3000000.0,30400000.0,98700000,74500000,34500000,김준영,세종특별자치시 동구 선릉57가 (도윤양면)
42,30245150.0,3000000.0,80900000.0,35800000,65500000,35500000,정예진,부산광역시 강남구 양재천거리 (병철신읍)
43,60415150.0,3000000.0,32800000.0,10500000,52500000,05500000,김예준,경기도 여주시 오금1길
44,48555150.0,3000000.0,13500000.0,21500000,43500000,08500000,오영식,울산광역시 노원구 양재천376로
45,77935150.0,3000000.0,65900000.0,76600000,37500000,32500000,강민재,전라북도 청양군 역삼가
46,22325150.0,3000000.0,51400000.0,25200000,52500000,58500000,박경숙,대전광역시 송파구 봉은사길
47,55515150.0,3000000.0,23300000.0,65000000,31500000,97500000,류정순,경기도 김포시 테헤란길
48,51555150.0,3000000.0,51300000.0,66700000,11500000,33500000,노서영,충청남도 용인시 수지구 잠실84길 (정호양동)
49,18595150.0,3000000.0,34000000.0,38300000,29500000,68500000,최영일,서울특별시 관악구 역삼거리
50,99745150.0,3000000.0,64700000.0,06900000,39500000,17500000,최민준,강원도 동두천시 잠실거리
51,87315150.0,3000000.0,21200000.0,70600000,33500000,30500000,노서연,서울특별시 성동구 삼성44거리
52,113515150.0,3000000.0,56400000.0,55300000,37500000,15500000,박현우,세종특별자치시 마포구 오금길 (정식노읍)
53,31675150.0,3000000.0,53200000.0,19300000,25500000,24500000,이영순,광주광역시 양천구 양재천가 (민수박박읍)
54,22555150.0,3000000.0,71600000.0,07700000,81500000,69500000,황경자,울산광역시 은평구 언주길
55,24885150.0,3000000.0,53900000.0,39600000,78500000,44500000,이민준,부산광역시 성북구 역삼거리
56,95505150.0,3000000.0,12200000.0,02100000,28500000,45500000,고지우,강원도 동해시 서초대로
57,92305150.0,3000000.0,28700000.0,31700000,50500000,54500000,강영희,서울특별시 송파구 가락길
58,111445150.0,3000000.0,56500000.0,12500000,68500000,56500000,김미정,경상북도 오산시 서초중앙3길 (지원김이마을)
59,41655150.0,3000000.0,53600000.0,22500000,54500000,45500000,배지우,울산광역시 북구 압구정길 (옥자양마을)
60,70165150.0,3000000.0,80500000.0,77800000,38500000,28500000,박성호,세종특별자치시 서대문구 역삼거리 (정숙이동)
61,92965150.0,3000000.0,61500000.0,03200000,10500000,51500000,오준서,부산광역시 동대문구 오금70로 (하은최마을)
62,29365150.0,3000000.0,27000000.0,77300000,44500000,24500000,유정숙,제주특별자치도 안산시 상록구 영동대507길 (명자김동)
63,103145150.0,3000000.0,36600000.0,67700000,94500000,58500000,김영철,세종특별자치시 종로구 잠실26가 (미영조이면)
64,27675150.0,3000000.0,95200000.0,34300000,93500000,86500000,강옥자,서울특별시 금천구 도산대거리 (종수박리)
65,35135150.0,3000000.0,99600000.0,77800000,65500000,12500000,김정호,경상북도 정선군 양재천259거리 (정순서김동)
66,105375150.0,3000000.0,68500000.0,96700000,38500000,38500000,나경수,광주광역시 강동구 강남대727길 (아름남배읍)
67,98185150.0,3000000.0,69500000.0,91400000,15500000,08500000,박성수,경상남도 오산시 논현1거리
68,104555150.0,3000000.0,80100000.0,90300000,93500000,94500000,장예진,대전광역시 북구 도산대로
69,92285150.0,3000000.0,67300000.0,43300000,06500000,25500000,김경희,울산광역시 노원구 논현60로 (지은장이읍)
70,109025150.0,3000000.0,22100000.0,74900000,39500000,45500000,김준호,인천광역시 동구 도산대로 (미경하정읍)
71,67255150.0,3000000.0,72100000.0,75900000,07500000,61500000,박은주,대전광역시 용산구 역삼길 (정수안마을)
72,109375150.0,3000000.0,16600000.0,19900000,70500000,39500000,김순자,서울특별시 동작구 양재천1가 (예진박리)
73,103805150.0,3000000.0,78000000.0,84000000,59500000,98500000,이지훈,서울특별시 강서구 서초중앙856가 (우진오리)
74,66165150.0,3000000.0,97600000.0,38700000,56500000,66500000,조도현,경기도 용인시 기흥구 논현길
75,29565150.0,3000000.0,16100000.0,71100000,28500000,73500000,김민준,대전광역시 강남구 오금길 (정수박장마을)
76,97605150.0,3000000.0,13800000.0,19300000,93500000,43500000,황명자,전라남도 하남시 언주5로
77,109195150.0,3000000.0,99000000.0,46800000,42500000,79500000,류영일,대구광역시 은평구 백제고분거리 (정수김면)
78,74155150.0,3000000.0,49800000.0,12900000,21500000,13500000,김중수,강원도 태안군 압구정4로
79,30635150.0,3000000.0,91900000.0,53000000,93500000,32500000,이민서,경상북도 성남시 수정구 서초중앙가 (경희김박동)
80,55255150.0,3000000.0,87600000.0,46700000,99500000,43500000,한현정,서울특별시 광진구 선릉8거리 (현숙박이읍)
81,60995150.0,3000000.0,34200000.0,32700000,10500000,54500000,류정희,광주광역시 강동구 오금315로
82,58625150.0,3000000.0,91800000.0,87600000,29500000,40500000,박정호,대전광역시 관악구 개포로 (병철정동)
83,24065150.0,3000000.0,67400000.0,08200000,68500000,46500000,이미경,울산광역시 성북구 개포8길 (건우이김마을)
84,117095150.0,3000000.0,37800000.0,28800000,76500000,41500000,박광수,충청북도 태안군 백제고분거리
85,32275150.0,3000000.0,11600000.0,91400000,78500000,67500000,박영진,대구광역시 동대문구 학동가
86,78105150.0,3000000.0,52500000.0,70800000,39500000,59500000,구은지,대구광역시 영등포구 잠실4거리 (성훈류리)
87,47375150.0,3000000.0,47000000.0,34300000,46500000,50500000,김아름,세종특별자치시 중구 논현12거리
88,37715150.0,3000000.0,90900000.0,67500000,00500000,97500000,김성훈,서울특별시 노원구 압구정208거리 (영길이읍)
89,89015150.0,3000000.0,86000000.0,99500000,18500000,38500000,권준영,전라남도 안산시 도산대거리
90,116475150.0,3000000.0,73400000.0,74500000,97500000,59500000,김현우,울산광역시 강남구 가락1길
91,44845150.0,3000000.0,97800000.0,70200000,42500000,29500000,박도현,대구광역시 북구 오금가 (현지박마을)
92,90905150.0,3000000.0,46400000.0,56600000,51500000,39500000,한정호,강원도 청주시 서원구 도산대2가
93,38165150.0,3000000.0,13400000.0,11100000,94500000,06500000,양영철,강원도 수원시 팔달구 학동43로 (동현강이읍)
94,70185150.0,3000000.0,27000000.0,11900000,37500000,93500000,박우진,경상남도 고양시 덕양구 테헤란거리 (경희송동)
95,72365150.0,3000000.0,98500000.0,09700000,82500000,18500000,박준혁,인천광역시 성동구 삼성거리 (지은박류리)
96,87045150.0,3000000.0,95900000.0,41700000,82500000,27500000,오시우,인천광역시 노원구 오금034길
97,30995150.0,3000000.0,93600000.0,34300000,20500000,86500000,이지훈,경기도 안산시 상록구 서초대35로
98,103875150.0,3000000.0,14600000.0,44300000,02500000,14500000,조지혜,강원도 서산시 영동대52로 (경자황마을)
99,52595150.0,3000000.0,92000000.0,25100000,53500000,91500000,박정남,세종특별자치시 강남구 압구정로 (유진이최동)
100,111725150.0,3000000.0,34600000.0,55600000,83500000,57500000,강예준,경상남도 하남시 봉은사길
101,25345150.0,3000000.0,76100000.0,55700000,38500000,41500000,송명자,세종특별자치시 관악구 선릉거리 (미정최면)
102,68725150.0,3000000.0,78700000.0,29300000,84500000,83500000,이순옥,제주특별자치도 고성군 가락거리 (하은배이읍)
103,105195150.0,3000000.0,77300000.0,53900000,09500000,10500000,장예원,광주광역시 광진구 영동대377로 (성훈김배동)
104,27925150.0,3000000.0,57900000.0,31800000,16500000,11500000,고서현,경기도 안산시 단원구 봉은사길 (성호백동)
105,51855150.0,3000000.0,41200000.0,14000000,78500000,60500000,김민서,강원도 천안시 동남구 학동가 (영철박박읍)
106,114825150.0,3000000.0,49200000.0,48900000,56500000,34500000,최은지,전라북도 부천시 가락06거리 (지원윤면)
107,48585150.0,3000000.0,50800000.0,63300000,66500000,33500000,홍정자,전라북도 성남시 봉은사679길 (준호오동)
108,69895150.0,3000000.0,95800000.0,38000000,50500000,45500000,김정호,제주특별자치도 괴산군 테헤란3거리 (준영이한읍)
109,54875150.0,3000000.0,14000000.0,75200000,73500000,17500000,최현우,강원도 정선군 선릉854가
110,81545150.0,3000000.0,25100000.0,87000000,33500000,81500000,배영일,울산광역시 동구 잠실로
111,71385150.0,3000000.0,50000000.0,14100000,77500000,05500000,박채원,경상북도 청주시 흥덕구 강남대68길 (예원곽이면)
112,92645150.0,3000000.0,73600000.0,40500000,32500000,96500000,최우진,충청북도 성남시 압구정로 (정숙박김읍)
113,100675150.0,3000000.0,36100000.0,83800000,29500000,69500000,최지후,전라북도 안양시 개포가
114,58445150.0,3000000.0,42200000.0,13100000,45500000,84500000,손승민,서울특별시 동작구 역삼거리
115,34115150.0,3000000.0,49400000.0,92700000,98500000,29500000,오민재,대전광역시 강서구 서초대70가 (서준이마을)
116,86765150.0,3000000.0,11600000.0,40500000,66500000,98500000,박영미,서울특별시 중구 강남대49로 (상호이리)
117,108825150.0,3000000.0,59000000.0,95400000,25500000,35500000,이중수,충청북도 청주시 서원구 압구정로
118,22815150.0,3000000.0,15000000.0,25600000,91500000,68500000,이주원,충청북도 고양시 강남대로 (민재박지읍)
119,79195150.0,3000000.0,68100000.0,59500000,03500000,34500000,송예원,서울특별시 영등포구 압구정322가 (예은박리)
120,104205150.0,3000000.0,10700000.0,78600000,62500000,46500000,김승현,대구광역시 영등포구 선릉9가
121,98495150.0,3000000.0,40800000.0,85500000,05500000,09500000,송은서,인천광역시 용산구 압구정094거리 (승민고김리)
122,24675150.0,3000000.0,30600000.0,76900000,69500000,02500000,이지후,울산광역시 동대문구 영동대1거리
123,80615150.0,3000000.0,49100000.0,14200000,95500000,45500000,김광수,대전광역시 동작구 도산대424로
124,49405150.0,3000000.0,73000000.0,57100000,98500000,69500000,서정웅,경기도 동두천시 오금거리 (정식김면)
125,100395150.0,3000000.0,72400000.0,09800000,89500000,83500000,이지영,인천광역시 광진구 테헤란로
126,107595150.0,3000000.0,62100000.0,84700000,14500000,57500000,김도현,울산광역시 서구 잠실거리 (순옥윤마을)
127,91085150.0,3000000.0,58300000.0,12700000,00500000,10500000,이정훈,강원도 원주시 삼성559거리
128,107845150.0,3000000.0,58000000.0,76200000,67500000,54500000,이상철,대구광역시 강북구 테헤란길 (지영오마을)
129,30145150.0,3000000.0,35300000.0,33200000,86500000,66500000,심미경,대전광역시 서구 잠실거리 (영미황윤면)
130,35975150.0,3000000.0,75900000.0,42300000,31500000,02500000,최경자,대구광역시 남구 영동대562로 (영수이이읍)
131,71105150.0,3000000.0,57000000.0,07300000,48500000,45500000,김지우,충청북도 양양군 잠실394길 (지훈이최읍)
132,69395150.0,3000000.0,76200000.0,03300000,20500000,56500000,김순자,서울특별시 강남구 강남대길
133,103855150.0,3000000.0,45000000.0,75500000,97500000,68500000,김경자,대전광역시 강서구 삼성4로 (미영장차마을)
134,97925150.0,3000000.0,68900000.0,17000000,56500000,39500000,하건우,부산광역시 북구 테헤란길 (아름이박면)
135,45445150.0,3000000.0,59800000.0,44600000,42500000,36500000,양진우,울산광역시 송파구 도산대0거리
136,111695150.0,3000000.0,54900000.0,84000000,94500000,19500000,김미정,인천광역시 금천구 가락거리 (상철손박동)
137,33505150.0,3000000.0,84100000.0,07100000,89500000,36500000,정상호,대전광역시 동대문구 가락04길 (민준문면)
138,117885150.0,3000000.0,44600000.0,02400000,64500000,57500000,백지훈,대전광역시 남구 서초대9가 (영철이박동)
139,24005150.0,3000000.0,73000000.0,73000000,62500000,82500000,권경숙,서울특별시 도봉구 서초중앙67거리 (상현민면)
140,92885150.0,3000000.0,67900000.0,47200000,56500000,52500000,서성호,서울특별시 송파구 서초대로 (영순김이마을)
141,85155150.0,3000000.0,83400000.0,40400000,64500000,73500000,박재현,대구광역시 서구 개포6거리
142,42015150.0,3000000.0,50700000.0,69700000,92500000,50500000,류상훈,울산광역시 중구 서초중앙로 (영숙이면)
143,102085150.0,3000000.0,97500000.0,11800000,60500000,45500000,김정식,충청북도 고양시 일산서구 오금35거리 (하은이박동)
144,57375150.0,3000000.0,56800000.0,01200000,68500000,91500000,이상현,세종특별자치시 서초구 잠실거리
145,78655150.0,3000000.0,12800000.0,13500000,84500000,90500000,강지훈,전라남도 용인시 기흥구 양재천로 (승민신이면)
146,23145150.0,3000000.0,26900000.0,28000000,80500000,88500000,김승현,충청남도 청주시 흥덕구 서초중앙로
147,20205150.0,3000000.0,72400000.0,98500000,52500000,68500000,강종수,충청남도 남양주시 학동가
148,96175150.0,3000000.0,66900000.0,61300000,10500000,43500000,오건우,대구광역시 서초구 영동대0거리
149,41785150.0,3000000.0,87400000.0,19200000,03500000,80500000,신정호,대구광역시 북구 학동가
150,51885150.0,3000000.0,69900000.0,55800000,69500000,40500000,김서영,부산광역시 강북구 언주로
151,22505150.0,3000000.0,92900000.0,76000000,24500000,51500000,이선영,경상북도 동해시 백제고분가 (영수이박면)
152,53995150.0,3000000.0,29700000.0,93400000,60500000,69500000,이정자,경상남도 옥천군 선릉370거리
153,57565150.0,3000000.0,39400000.0,90700000,65500000,63500000,권정수,울산광역시 금천구 테헤란8길 (서현이장동)
154,27215150.0,3000000.0,37500000.0,08400000,03500000,13500000,서정자,경상북도 의왕시 언주가
155,100515150.0,3000000.0,66400000.0,07000000,21500000,96500000,김지연,경상남도 양주시 압구정길
156,37895150.0,3000000.0,38500000.0,00200000,93500000,96500000,권도현,대전광역시 금천구 영동대6길 (승현김김읍)
157,104145150.0,3000000.0,90600000.0,37200000,25500000,02500000,박건우,경기도 안산시 단원구 봉은사가 (옥자최마을)
158,110205150.0,3000000.0,46600000.0,28400000,42500000,76500000,김명자,대전광역시 북구 봉은사거리
159,113065150.0,3000000.0,49600000.0,30000000,25500000,14500000,양지민,부산광역시 서대문구 반포대길
160,54735150.0,3000000.0,16200000.0,83000000,89500000,91500000,장경희,경상남도 안양시 만안구 삼성2로
161,27735150.0,3000000.0,80900000.0,41700000,18500000,74500000,오서현,경상남도 태안군 오금2가
162,38635150.0,3000000.0,12600000.0,30500000,18500000,19500000,김영희,인천광역시 강동구 테헤란20길 (경숙민박면)
163,88225150.0,3000000.0,16900000.0,59300000,80500000,84500000,이선영,세종특별자치시 양천구 개포9거리 (미경박박리)
164,71225150.0,3000000.0,14200000.0,00700000,75500000,66500000,한현지,대전광역시 동작구 강남대404길 (영미박박면)
165,72835150.0,3000000.0,61900000.0,24600000,95500000,31500000,김지우,충청북도 양주시 석촌호수12로 (현주문김읍)
166,97875150.0,3000000.0,98100000.0,52000000,97500000,11500000,최정훈,대구광역시 동대문구 삼성길 (영진김김리)
167,62195150.0,3000000.0,96500000.0,65200000,49500000,92500000,구미영,경기도 서산시 서초대로
168,43975150.0,3000000.0,66300000.0,77200000,02500000,46500000,최동현,전라남도 안산시 상록구 봉은사길 (중수김권동)
169,90995150.0,3000000.0,15100000.0,37100000,77500000,49500000,김도현,대구광역시 남구 선릉거리 (수진이김리)
170,62245150.0,3000000.0,44800000.0,23700000,66500000,42500000,하예원,광주광역시 성북구 개포가
171,52295150.0,3000000.0,41800000.0,48500000,37500000,17500000,김은지,대구광역시 마포구 백제고분가
172,45945150.0,3000000.0,15000000.0,69500000,03500000,13500000,최준혁,경상북도 충주시 백제고분97길 (정호윤문읍)
173,33355150.0,3000000.0,62500000.0,94300000,24500000,95500000,이도윤,서울특별시 광진구 테헤란14로
174,114065150.0,3000000.0,55200000.0,80000000,57500000,40500000,김미영,강원도 광명시 봉은사로 (보람김김읍)
175,47005150.0,3000000.0,43900000.0,82200000,76500000,25500000,류병철,충청북도 화성시 오금로 (중수이읍)
176,48165150.0,3000000.0,40600000.0,06400000,98500000,86500000,민정웅,강원도 속초시 서초중앙112로 (건우이이면)
177,110415150.0,3000000.0,33700000.0,07600000,37500000,98500000,박진우,강원도 고양시 덕양구 오금14가 (영진안송읍)
178,118255150.0,3000000.0,21000000.0,95200000,41500000,54500000,이영자,제주특별자치도 동해시 석촌호수3거리 (하은최최리)
179,112775150.0,3000000.0,84300000.0,09200000,29500000,99500000,장우진,제주특별자치도 성남시 역삼가
180,22815150.0,3000000.0,26800000.0,54600000,57500000,81500000,이지후,전라남도 시흥시 삼성로
181,75925150.0,3000000.0,54000000.0,36900000,62500000,83500000,이은서,강원도 평창군 오금거리 (민준윤리)
182,52335150.0,3000000.0,97900000.0,65800000,60500000,63500000,김보람,대전광역시 영등포구 강남대로 (미영최김리)
183,30565150.0,3000000.0,78600000.0,40800000,20500000,09500000,이지영,부산광역시 마포구 서초대708가 (현주박김마을)
184,107295150.0,3000000.0,73300000.0,85900000,11500000,23500000,강경숙,충청북도 속초시 양재천길 (주원송마을)
185,116265150.0,3000000.0,42700000.0,26100000,80500000,93500000,남정수,경상남도 수원시 팔달구 영동대길 (옥순양류마을)
186,97825150.0,3000000.0,57100000.0,23000000,74500000,53500000,이정웅,경상북도 논산시 선릉2가 (성민허리)
187,80195150.0,3000000.0,14100000.0,51000000,91500000,73500000,박진호,울산광역시 마포구 선릉거리
188,18565150.0,3000000.0,75000000.0,66900000,00500000,67500000,전성수,경상북도 안산시 영동대가 (미숙이이마을)
189,70135150.0,3000000.0,19800000.0,06500000,05500000,01500000,김성현,전라북도 화성시 강남대길 (아름이박읍)
190,97455150.0,3000000.0,95100000.0,47200000,84500000,36500000,황현준,광주광역시 마포구 석촌호수89거리 (은정김박면)
191,109285150.0,3000000.0,52200000.0,29800000,08500000,60500000,박상호,대전광역시 강북구 영동대로 (동현양박마을)
192,70795150.0,3000000.0,64400000.0,49100000,93500000,11500000,손서현,제주특별자치도 인제군 백제고분가 (영수홍박리)
193,45495150.0,3000000.0,23300000.0,45900000,44500000,93500000,박은정,충청북도 안산시 상록구 영동대거리
194,27315150.0,3000000.0,68300000.0,32900000,69500000,75500000,백상훈,대구광역시 성북구 오금5가 (재호김읍)
195,62155150.0,3000000.0,74400000.0,67000000,40500000,48500000,송민서,서울특별시 성동구 영동대9로 (성수김리)
196,93945150.0,3000000.0,51500000.0,77200000,44500000,11500000,박예은,충청북도 진천군 백제고분로
197,31095150.0,3000000.0,24300000.0,15300000,73500000,78500000,이민재,충청북도 용인시 처인구 압구정로 (유진류면)
198,27465150.0,3000000.0,62300000.0,45400000,95500000,23500000,황예진,대구광역시 서대문구 테헤란로
199,33855150.0,3000000.0,78100000.0,60000000,32500000,75500000,김민수,서울특별시 양천구 역삼길 (영길이이동)
200,37545150.0,3000000.0,80200000.0,35900000,00500000,71500000,유진우,서울특별시 영등포구 서초중앙8길 (현지배박동)
201,69015150.0,3000000.0,52500000.0,82600000,21500000,61500000,김영수,대전광역시 은평구 잠실16가 (은경이정마을)
202,93655150.0,3000000.0,24900000.0,40000000,09500000,61500000,유민수,울산광역시 도봉구 개포가
203,42035150.0,3000000.0,69400000.0,35900000,91500000,18500000,박예은,전라북도 예산군 영동대5거리
204,79865150.0,3000000.0,53200000.0,18000000,95500000,31500000,허재현,경상북도 영월군 영동대728거리 (정숙고박면)
205,58365150.0,3000000.0,92900000.0,58500000,78500000,49500000,이예준,울산광역시 영등포구 석촌호수가
206,109315150.0,3000000.0,51300000.0,63000000,58500000,20500000,장준서,대전광역시 송파구 개포거리
207,111355150.0,3000000.0,90800000.0,14000000,84500000,18500000,박현준,울산광역시 구로구 선릉732가
208,104115150.0,3000000.0,27900000.0,22800000,55500000,70500000,김숙자,세종특별자치시 은평구 역삼8로
209,66865150.0,3000000.0,49600000.0,79200000,90500000,49500000,진하은,경기도 수원시 학동9가
210,53345150.0,3000000.0,38500000.0,09000000,85500000,06500000,김동현,대전광역시 영등포구 압구정거리
211,86695150.0,3000000.0,83700000.0,73400000,06500000,07500000,홍서준,충청남도 고양시 테헤란80거리
212,37345150.0,3000000.0,13600000.0,41700000,08500000,02500000,이아름,충청남도 영월군 역삼481길 (상철이읍)
213,74905150.0,3000000.0,45400000.0,52300000,47500000,75500000,심옥순,울산광역시 마포구 영동대32거리
214,71185150.0,3000000.0,73200000.0,72900000,47500000,24500000,김미정,전라남도 평창군 오금7로
215,116335150.0,3000000.0,29000000.0,14900000,81500000,87500000,정윤서,부산광역시 동작구 선릉0로
216,48335150.0,3000000.0,59400000.0,09200000,42500000,65500000,김현준,대전광역시 마포구 테헤란거리 (유진최면)
217,77745150.0,3000000.0,32000000.0,57700000,61500000,69500000,이예은,울산광역시 송파구 선릉로
218,70085150.0,3000000.0,16300000.0,95700000,27500000,29500000,최서연,세종특별자치시 성북구 오금길
219,64455150.0,3000000.0,22400000.0,25400000,64500000,82500000,이지현,제주특별자치도 파주시 영동대길 (혜진한면)
220,81045150.0,3000000.0,54600000.0,55200000,40500000,46500000,김순자,서울특별시 성동구 오금거리
221,86395150.0,3000000.0,24600000.0,48700000,92500000,22500000,이정숙,세종특별자치시 강북구 가락거리 (준영이마을)
222,109265150.0,3000000.0,52300000.0,34200000,62500000,53500000,윤지연,광주광역시 서초구 석촌호수길
223,122115150.0,3000000.0,79200000.0,29300000,47500000,16500000,신미숙,경기도 영월군 압구정6거리 (은영박마을)
224,66945150.0,3000000.0,19900000.0,53700000,16500000,04500000,최영수,강원도 청주시 청원구 백제고분길 (수민조우리)
225,84185150.0,3000000.0,33400000.0,94700000,15500000,40500000,이영미,충청남도 정선군 잠실거리
226,41315150.0,3000000.0,39400000.0,77000000,63500000,60500000,김영자,제주특별자치도 횡성군 언주3거리 (옥순이이마을)
227,27445150.0,3000000.0,17900000.0,25900000,32500000,61500000,윤정훈,경상북도 안양시 동안구 백제고분가 (준영문읍)
228,81425150.0,3000000.0,97500000.0,98400000,75500000,91500000,성지원,광주광역시 마포구 양재천157로
229,52605150.0,3000000.0,14000000.0,83500000,54500000,98500000,최동현,서울특별시 노원구 반포대가
230,84625150.0,3000000.0,73500000.0,37700000,62500000,93500000,우경숙,제주특별자치도 성남시 중원구 오금길
231,101475150.0,3000000.0,63400000.0,76000000,96500000,65500000,김서현,충청북도 용인시 기흥구 반포대가 (성민김면)
232,82625150.0,3000000.0,18400000.0,13400000,41500000,27500000,김중수,대구광역시 중랑구 영동대로
233,86565150.0,3000000.0,96200000.0,67800000,01500000,47500000,김종수,충청남도 춘천시 논현거리 (진우이김동)
234,67675150.0,3000000.0,72200000.0,97400000,36500000,18500000,박영미,대구광역시 송파구 학동길 (은정홍김읍)
235,102635150.0,3000000.0,26300000.0,74700000,04500000,94500000,박서윤,울산광역시 강북구 강남대거리 (영길남마을)
236,93725150.0,3000000.0,49400000.0,51700000,92500000,02500000,백하은,경상남도 강릉시 반포대76길
237,61005150.0,3000000.0,11900000.0,23200000,89500000,62500000,장재호,경상북도 영동군 석촌호수로 (승민박이읍)
238,35745150.0,3000000.0,28400000.0,95400000,38500000,69500000,이지후,충청북도 옥천군 개포729거리 (민석심마을)
239,36055150.0,3000000.0,28200000.0,74900000,52500000,61500000,김정숙,광주광역시 마포구 잠실거리
240,55745150.0,3000000.0,15900000.0,53800000,96500000,50500000,손도현,서울특별시 송파구 역삼길 (영식주강읍)
241,32145150.0,3000000.0,35600000.0,17800000,58500000,51500000,박수진,대전광역시 노원구 언주3가
242,101865150.0,3000000.0,51900000.0,64700000,39500000,65500000,이영자,경기도 청주시 상당구 역삼길
243,92775150.0,3000000.0,15200000.0,74300000,93500000,62500000,이정수,부산광역시 송파구 언주7거리 (미경장읍)
244,51525150.0,3000000.0,40500000.0,27200000,82500000,38500000,강영철,대전광역시 구로구 봉은사거리 (보람전한읍)
245,41035150.0,3000000.0,60100000.0,05400000,80500000,98500000,고건우,대전광역시 북구 논현234가
246,80615150.0,3000000.0,19500000.0,33300000,41500000,38500000,김재호,광주광역시 강서구 테헤란로
247,31785150.0,3000000.0,18900000.0,85000000,55500000,11500000,이영미,경상남도 양구군 강남대로 (현준이면)
248,101935150.0,3000000.0,61600000.0,19200000,69500000,21500000,김상현,경상남도 의왕시 선릉48거리
249,45945150.0,3000000.0,44600000.0,96500000,28500000,23500000,하건우,전라북도 천안시 서북구 강남대756거리 (정수이김마을)
250,13765150.0,3000000.0,90000000.0,53500000,94500000,73500000,박정수,인천광역시 양천구 봉은사길 (영미김마을)
251,51845150.0,3000000.0,51500000.0,12600000,24500000,92500000,김미정,인천광역시 동대문구 논현로 (중수권읍)
252,35525150.0,3000000.0,99500000.0,17700000,41500000,69500000,김재호,경상북도 안산시 가락길 (수진구김동)
253,27535150.0,3000000.0,76500000.0,76300000,42500000,08500000,권수민,대전광역시 마포구 삼성로 (유진이마을)
254,108525150.0,3000000.0,19800000.0,55600000,12500000,53500000,강건우,경상북도 김포시 봉은사거리 (성훈김읍)
255,88925150.0,3000000.0,34600000.0,66300000,66500000,53500000,김정식,전라북도 괴산군 논현거리 (현우안이리)
256,75115150.0,3000000.0,19700000.0,50900000,42500000,20500000,박지후,제주특별자치도 논산시 오금거리
257,66675150.0,3000000.0,72200000.0,77900000,54500000,00500000,안우진,경상북도 고양시 덕양구 서초대259길 (명숙윤박마을)
258,101825150.0,3000000.0,62700000.0,25200000,53500000,83500000,홍재호,강원도 이천시 석촌호수2길
259,102055150.0,3000000.0,26600000.0,90400000,05500000,69500000,김정웅,충청남도 고양시 일산서구 서초중앙15길
260,78925150.0,3000000.0,29300000.0,05000000,50500000,24500000,김상훈,충청북도 부천시 테헤란221거리
261,103695150.0,3000000.0,64200000.0,87600000,89500000,49500000,이서영,인천광역시 영등포구 백제고분로
262,63035150.0,3000000.0,43500000.0,13300000,76500000,14500000,김영진,부산광역시 노원구 영동대6가
263,49435150.0,3000000.0,78200000.0,46300000,02500000,27500000,백명자,대전광역시 중구 백제고분37가
264,51785150.0,3000000.0,39900000.0,60400000,44500000,35500000,김지민,광주광역시 구로구 압구정거리 (민재안안동)
265,26415150.0,3000000.0,80400000.0,51100000,18500000,53500000,이정자,전라북도 증평군 양재천6거리 (건우문면)
266,46445150.0,3000000.0,77300000.0,67300000,29500000,41500000,김성호,전라남도 고양시 일산동구 학동999가
267,89215150.0,3000000.0,95400000.0,57000000,71500000,80500000,백경숙,인천광역시 강남구 봉은사50가
268,89975150.0,3000000.0,31900000.0,23600000,71500000,91500000,홍현지,부산광역시 노원구 양재천길 (지우최읍)
269,35275150.0,3000000.0,91600000.0,21600000,13500000,80500000,박병철,강원도 광주시 석촌호수211로 (성호김하동)
270,121225150.0,3000000.0,97000000.0,05700000,76500000,81500000,고성민,전라북도 청주시 청원구 개포761로 (은지한이동)
271,23275150.0,3000000.0,31200000.0,30000000,51500000,61500000,이상현,서울특별시 광진구 도산대가
272,28765150.0,3000000.0,73700000.0,49900000,82500000,67500000,이정수,경상남도 강릉시 백제고분71거리 (영희류이면)
273,54865150.0,3000000.0,15000000.0,21900000,12500000,51500000,이현준,인천광역시 동작구 오금8길 (영식이이읍)
274,56845150.0,3000000.0,73700000.0,63700000,28500000,48500000,송정자,충청남도 아산시 도산대75로
275,21905150.0,3000000.0,30200000.0,81400000,26500000,73500000,박준호,경기도 예산군 개포89길
276,34745150.0,3000000.0,91500000.0,28800000,82500000,70500000,이경수,충청남도 오산시 언주로
277,70165150.0,3000000.0,77000000.0,95000000,83500000,16500000,이영희,경상남도 성남시 영동대71가 (시우김리)
278,109425150.0,3000000.0,90100000.0,04400000,87500000,91500000,김민준,대전광역시 양천구 도산대길 (정희최리)
279,74435150.0,3000000.0,46500000.0,26200000,43500000,95500000,김준서,충청북도 부천시 원미구 반포대44거리 (상현고박면)
280,91705150.0,3000000.0,41300000.0,76100000,78500000,43500000,허건우,강원도 평창군 선릉76로 (은경윤마을)
281,37285150.0,3000000.0,61100000.0,92500000,21500000,45500000,이옥자,서울특별시 성동구 도산대40거리
282,58955150.0,3000000.0,55800000.0,39100000,76500000,96500000,김지원,대구광역시 강남구 반포대거리 (정순이최면)
283,114445150.0,3000000.0,22400000.0,30100000,26500000,99500000,김민서,대구광역시 양천구 선릉길 (하윤박노마을)
284,97325150.0,3000000.0,15100000.0,29800000,44500000,24500000,임영길,충청북도 안산시 상록구 서초대길
285,56395150.0,3000000.0,81900000.0,48300000,15500000,24500000,곽지혜,인천광역시 동구 강남대33거리 (정웅이문마을)
286,118385150.0,3000000.0,71500000.0,76300000,43500000,45500000,김영호,강원도 가평군 봉은사길 (영일김이읍)
287,74465150.0,3000000.0,68300000.0,91800000,00500000,29500000,김유진,대전광역시 동작구 선릉거리
288,63955150.0,3000000.0,75400000.0,90600000,46500000,61500000,이지연,충청남도 부천시 반포대47거리 (정희박이마을)
289,62265150.0,3000000.0,59100000.0,88500000,94500000,27500000,김은지,대전광역시 은평구 역삼로
290,42005150.0,3000000.0,41100000.0,86200000,48500000,57500000,최성민,충청북도 진천군 선릉가
291,45045150.0,3000000.0,27800000.0,75700000,72500000,00500000,김동현,경상남도 수원시 논현7로
292,65785150.0,3000000.0,18100000.0,10100000,57500000,34500000,최하윤,전라북도 부천시 소사구 도산대가 (명자김김리)
293,24225150.0,3000000.0,85800000.0,74600000,21500000,61500000,신보람,서울특별시 동구 서초대914가
294,31475150.0,3000000.0,26700000.0,97800000,45500000,89500000,안지우,전라남도 고양시 반포대1거리
295,108975150.0,3000000.0,21100000.0,56700000,55500000,39500000,김예지,충청북도 안산시 상록구 잠실306가
296,50365150.0,3000000.0,24100000.0,62500000,26500000,91500000,박성현,경상남도 안산시 상록구 봉은사로 (성훈김읍)
297,23905150.0,3000000.0,93700000.0,45800000,23500000,96500000,백성민,경상북도 옥천군 영동대거리
298,65575150.0,3000000.0,40300000.0,60900000,24500000,56500000,김지우,충청북도 여주시 가락가
299,51935150.0,3000000.0,13400000.0,63400000,49500000,62500000,박정식,서울특별시 서구 언주15거리
300,63975150.0,3000000.0,57200000.0,34100000,21500000,55500000,한재현,전라북도 인제군 가락4길 (지현김리)
301,48775150.0,3000000.0,24800000.0,09300000,55500000,66500000,윤수민,전라남도 논산시 학동255로
302,104715150.0,3000000.0,45800000.0,84900000,48500000,28500000,문상훈,대구광역시 강북구 테헤란0길 (주원허면)
303,20275150.0,3000000.0,94300000.0,41500000,59500000,73500000,김지민,세종특별자치시 강북구 양재천로 (서현손마을)
304,68935150.0,3000000.0,30000000.0,88900000,68500000,18500000,안성호,대전광역시 관악구 역삼로 (정남최읍)
305,26125150.0,3000000.0,65700000.0,87400000,80500000,37500000,노승현,제주특별자치도 청주시 흥덕구 양재천9가
306,83865150.0,3000000.0,78800000.0,78800000,46500000,89500000,김승민,경기도 청주시 상당구 논현길 (성현윤오읍)
307,68885150.0,3000000.0,75900000.0,07800000,54500000,09500000,오우진,충청북도 김포시 개포거리
308,103315150.0,3000000.0,41500000.0,56400000,64500000,68500000,오지현,부산광역시 동작구 잠실06가
309,54205150.0,3000000.0,70200000.0,08400000,65500000,81500000,김예지,인천광역시 영등포구 도산대거리 (영일윤동)
310,95325150.0,3000000.0,46500000.0,94100000,48500000,61500000,김시우,광주광역시 종로구 언주거리
311,51975150.0,3000000.0,37100000.0,42300000,65500000,59500000,이정희,울산광역시 성북구 잠실21길
312,110305150.0,3000000.0,98200000.0,30100000,62500000,72500000,장경자,울산광역시 도봉구 역삼050거리 (명자이백마을)
313,79345150.0,3000000.0,31500000.0,42000000,56500000,60500000,이정훈,경상북도 용인시 압구정로 (정호배지읍)
314,66635150.0,3000000.0,29300000.0,89500000,84500000,31500000,박은서,경기도 화천군 개포로 (영철김면)
315,119335150.0,3000000.0,69100000.0,47800000,27500000,24500000,배윤서,충청남도 예산군 잠실16로 (영일김이동)
316,58865150.0,3000000.0,19900000.0,88400000,64500000,51500000,이은주,전라남도 광주시 도산대거리 (정순이마을)
317,26835150.0,3000000.0,71600000.0,19000000,58500000,97500000,윤민수,전라남도 증평군 선릉3거리
318,79035150.0,3000000.0,38400000.0,71100000,75500000,04500000,안숙자,광주광역시 강남구 잠실6가 (명자김읍)
319,35745150.0,3000000.0,15100000.0,81300000,25500000,09500000,박동현,전라남도 화성시 역삼길 (중수김배동)
320,99645150.0,3000000.0,97600000.0,94200000,23500000,94500000,송수빈,인천광역시 강북구 논현로
321,108835150.0,3000000.0,95200000.0,32100000,22500000,74500000,김상훈,충청남도 태안군 압구정로
322,96335150.0,3000000.0,65100000.0,47800000,49500000,12500000,김예은,경상남도 수원시 테헤란8가
323,86495150.0,3000000.0,42600000.0,66400000,23500000,61500000,박민준,세종특별자치시 남구 테헤란거리 (하윤김권동)
324,25035150.0,3000000.0,30900000.0,41200000,00500000,15500000,이민재,충청북도 용인시 기흥구 서초중앙가 (은영김류리)
325,103715150.0,3000000.0,75600000.0,21500000,58500000,73500000,김민재,전라북도 파주시 역삼72길
326,83905150.0,3000000.0,43100000.0,37100000,19500000,76500000,주보람,충청북도 안산시 단원구 반포대길
327,31355150.0,3000000.0,31400000.0,41400000,89500000,44500000,김재현,대구광역시 북구 도산대736로 (지민김마을)
328,26185150.0,3000000.0,53600000.0,49900000,40500000,77500000,김정식,대전광역시 동작구 삼성492길
329,111885150.0,3000000.0,46200000.0,10200000,37500000,81500000,강정숙,전라남도 충주시 삼성7거리 (수빈이김동)
330,115965150.0,3000000.0,45200000.0,97400000,94500000,31500000,김하윤,제주특별자치도 공주시 선릉94길 (동현백면)
331,98235150.0,3000000.0,34600000.0,95800000,07500000,35500000,진예지,대전광역시 중구 논현925가
332,36545150.0,3000000.0,72300000.0,12700000,28500000,58500000,노지연,세종특별자치시 강동구 언주93로 (지훈홍마을)
333,102565150.0,3000000.0,83600000.0,63000000,14500000,56500000,강윤서,대구광역시 송파구 영동대36길 (서영김읍)
334,78675150.0,3000000.0,69400000.0,10800000,48500000,65500000,박하은,대구광역시 강동구 석촌호수거리 (진호박안리)
335,77855150.0,3000000.0,72700000.0,59200000,38500000,26500000,손민서,대구광역시 도봉구 논현가 (미숙이허마을)
336,65485150.0,3000000.0,37900000.0,40100000,52500000,82500000,양지혜,대구광역시 동구 역삼477로
337,101635150.0,3000000.0,40800000.0,25500000,79500000,33500000,박현우,대구광역시 서초구 개포6가 (재현최동)
338,76605150.0,3000000.0,78900000.0,75900000,95500000,19500000,신영일,대전광역시 성북구 봉은사로 (명자백면)
339,95395150.0,3000000.0,33000000.0,12900000,27500000,39500000,김미경,서울특별시 서대문구 역삼가
340,36475150.0,3000000.0,79600000.0,03000000,76500000,72500000,김재현,광주광역시 강동구 강남대가
341,57005150.0,3000000.0,76900000.0,85400000,08500000,54500000,김종수,대구광역시 광진구 선릉길 (영미최양읍)
342,67865150.0,3000000.0,33600000.0,74200000,48500000,32500000,이재현,경상북도 이천시 도산대824가
343,75105150.0,3000000.0,68300000.0,87100000,33500000,35500000,이서현,대전광역시 동작구 도산대96가 (지영박읍)
344,58285150.0,3000000.0,45000000.0,40900000,38500000,32500000,유경자,충청남도 금산군 잠실가
345,26925150.0,3000000.0,52800000.0,50300000,24500000,49500000,이성수,부산광역시 구로구 삼성가 (민지김리)
346,97915150.0,3000000.0,64800000.0,93300000,12500000,89500000,김민수,울산광역시 양천구 언주가
347,50465150.0,3000000.0,68400000.0,98500000,22500000,45500000,최영일,전라남도 아산시 도산대로
348,29235150.0,3000000.0,86700000.0,20400000,50500000,35500000,김명자,광주광역시 종로구 삼성91가 (예원박면)
349,82235150.0,3000000.0,66500000.0,25500000,21500000,41500000,박미경,전라북도 남양주시 테헤란554길 (지현이동)
350,21675150.0,3000000.0,73900000.0,88900000,98500000,45500000,김영일,세종특별자치시 광진구 선릉거리
351,73775150.0,3000000.0,93900000.0,84900000,71500000,26500000,김종수,제주특별자치도 괴산군 오금가
352,65155150.0,3000000.0,19700000.0,32500000,18500000,86500000,안서윤,충청남도 천안시 서북구 삼성거리
353,94755150.0,3000000.0,57000000.0,35200000,43500000,53500000,박민석,서울특별시 은평구 영동대70거리 (동현박이동)
354,107025150.0,3000000.0,96100000.0,27500000,59500000,58500000,김영순,전라북도 강릉시 잠실거리 (영순이읍)
355,30055150.0,3000000.0,50800000.0,22400000,49500000,21500000,권재현,충청북도 괴산군 압구정가
356,108455150.0,3000000.0,24300000.0,25100000,29500000,18500000,박준영,전라북도 삼척시 도산대8거리
357,91515150.0,3000000.0,94700000.0,02900000,76500000,52500000,김서연,울산광역시 중구 압구정거리
358,106195150.0,3000000.0,16600000.0,43200000,74500000,55500000,민성민,전라북도 춘천시 양재천747거리 (영호박읍)
359,88485150.0,3000000.0,95200000.0,81100000,21500000,30500000,박명자,대전광역시 동작구 강남대거리
360,49065150.0,3000000.0,79200000.0,05600000,01500000,04500000,최영미,전라남도 보령시 백제고분로
361,49125150.0,3000000.0,27200000.0,68100000,48500000,23500000,문하윤,충청북도 안양시 동안구 삼성로
362,37105150.0,3000000.0,37400000.0,64900000,32500000,91500000,최준영,인천광역시 양천구 도산대거리
363,73625150.0,3000000.0,55100000.0,40100000,49500000,63500000,김명자,충청북도 옥천군 영동대73길 (수빈허면)
364,87875150.0,3000000.0,28200000.0,68000000,12500000,94500000,김진호,제주특별자치도 연천군 양재천182가
365,62115150.0,3000000.0,13300000.0,17900000,52500000,54500000,안현주,인천광역시 서초구 논현481가 (영환박안리)
366,67015150.0,3000000.0,47400000.0,84900000,40500000,17500000,안성호,광주광역시 광진구 도산대길 (은서박마을)
367,20225150.0,3000000.0,20800000.0,04300000,87500000,38500000,나민재,충청남도 용인시 처인구 석촌호수346가
368,78475150.0,3000000.0,43800000.0,05600000,31500000,45500000,김지원,인천광역시 송파구 언주길
369,50465150.0,3000000.0,83100000.0,02400000,65500000,68500000,박예원,전라남도 속초시 선릉길
370,35575150.0,3000000.0,26700000.0,65500000,30500000,04500000,장주원,전라북도 수원시 장안구 삼성5거리
371,118565150.0,3000000.0,66100000.0,13200000,65500000,03500000,김미영,광주광역시 강서구 개포가
372,111735150.0,3000000.0,14100000.0,92300000,64500000,19500000,김영식,서울특별시 중랑구 도산대43길 (현주김이마을)
373,24015150.0,3000000.0,15600000.0,78900000,93500000,68500000,이영환,세종특별자치시 성동구 언주길 (예진김이읍)
374,29615150.0,3000000.0,10600000.0,42000000,28500000,73500000,김재호,서울특별시 강남구 삼성84로 (건우남리)
375,95885150.0,3000000.0,66800000.0,38300000,95500000,03500000,김상호,울산광역시 성동구 삼성29길
376,49305150.0,3000000.0,22600000.0,10400000,18500000,56500000,박예진,인천광역시 남구 양재천길 (중수서이면)
377,48015150.0,3000000.0,49500000.0,86300000,27500000,33500000,안지후,광주광역시 성동구 삼성799길
378,81225150.0,3000000.0,90300000.0,27200000,39500000,11500000,양윤서,세종특별자치시 구로구 도산대로 (채원김이동)
379,36445150.0,3000000.0,41100000.0,24900000,16500000,19500000,정재현,서울특별시 구로구 논현8길 (준혁이황리)
380,65495150.0,3000000.0,48700000.0,57200000,99500000,39500000,박준호,세종특별자치시 동작구 오금길 (예은김김리)
381,35215150.0,3000000.0,19400000.0,36900000,38500000,45500000,이순자,제주특별자치도 용인시 기흥구 역삼로
382,50595150.0,3000000.0,92600000.0,22800000,15500000,32500000,권도윤,경기도 광주시 봉은사거리 (준영이읍)
383,35875150.0,3000000.0,92100000.0,31200000,90500000,32500000,고서준,서울특별시 금천구 가락길
384,106085150.0,3000000.0,76900000.0,22000000,27500000,68500000,김지은,충청남도 인제군 가락898가
385,108875150.0,3000000.0,53100000.0,48900000,17500000,00500000,차정자,대구광역시 강동구 양재천길
386,23195150.0,3000000.0,57500000.0,78500000,86500000,26500000,조수진,대전광역시 영등포구 봉은사818로 (도윤박동)
387,117325150.0,3000000.0,59100000.0,07000000,31500000,16500000,류준호,울산광역시 동작구 서초대로 (성훈김마을)
388,25155150.0,3000000.0,65400000.0,51300000,57500000,64500000,김현숙,경상북도 안산시 단원구 서초대로
389,56705150.0,3000000.0,91700000.0,51200000,38500000,81500000,신광수,경상남도 금산군 개포거리
390,19895150.0,3000000.0,78300000.0,84800000,34500000,04500000,김진우,부산광역시 서대문구 강남대길
391,39735150.0,3000000.0,11700000.0,11800000,53500000,75500000,김지후,경기도 당진시 개포44로 (민지이면)
392,73185150.0,3000000.0,90000000.0,13900000,05500000,83500000,박경숙,강원도 파주시 서초중앙로 (수빈안이마을)
393,114765150.0,3000000.0,97000000.0,02700000,49500000,14500000,김성진,경기도 성남시 중원구 서초대로 (경수강읍)
394,88145150.0,3000000.0,42800000.0,12200000,98500000,14500000,안영자,경기도 태백시 반포대9로 (채원서최마을)
395,99675150.0,3000000.0,50800000.0,16700000,52500000,10500000,장정호,충청남도 청주시 흥덕구 석촌호수7로
396,52435150.0,3000000.0,40900000.0,54400000,60500000,80500000,강성수,인천광역시 동구 석촌호수973가 (광수송안동)
397,25535150.0,3000000.0,59900000.0,62500000,10500000,92500000,박성호,대전광역시 서초구 서초대67가
398,112435150.0,3000000.0,89900000.0,89100000,51500000,08500000,이예은,제주특별자치도 김포시 도산대20가
399,105445150.0,3000000.0,29300000.0,27400000,60500000,05500000,심하은,광주광역시 종로구 삼성6거리 (민재진리)
400,67755150.0,3000000.0,42100000.0,53100000,34500000,77500000,오영철,전라북도 고양시 학동454길 (성민황윤동)
401,84345150.0,3000000.0,85000000.0,28900000,45500000,91500000,박민서,대전광역시 동대문구 강남대715로
402,106725150.0,3000000.0,72900000.0,13000000,83500000,75500000,김도현,울산광역시 강북구 가락가
403,66655150.0,3000000.0,71700000.0,78900000,41500000,85500000,김영희,경기도 고양시 일산서구 봉은사08가
404,92805150.0,3000000.0,34400000.0,94600000,12500000,82500000,김민재,전라북도 정선군 잠실1로 (미숙이면)
405,19245150.0,3000000.0,76200000.0,67600000,50500000,62500000,김은주,인천광역시 은평구 삼성로
406,30825150.0,3000000.0,69600000.0,27000000,53500000,67500000,송상철,경상북도 구리시 서초중앙4가 (은지이리)
407,60005150.0,3000000.0,30600000.0,16800000,19500000,98500000,서정훈,세종특별자치시 중랑구 삼성8거리 (순자박동)
408,86125150.0,3000000.0,53400000.0,50700000,22500000,85500000,김민재,전라남도 수원시 장안구 석촌호수길
409,23865150.0,3000000.0,81600000.0,76900000,88500000,28500000,한은주,경상북도 철원군 양재천1거리 (지원최마을)
410,91675150.0,3000000.0,27000000.0,14800000,64500000,55500000,고현준,부산광역시 은평구 도산대734로 (영수박마을)
411,95815150.0,3000000.0,49300000.0,32700000,64500000,84500000,김옥자,인천광역시 양천구 역삼200길
412,57735150.0,3000000.0,64900000.0,15300000,75500000,36500000,김지후,대전광역시 강남구 서초대644가 (성진박서리)
413,91895150.0,3000000.0,67400000.0,01500000,73500000,67500000,이수빈,울산광역시 도봉구 역삼199가
414,25705150.0,3000000.0,40700000.0,42400000,69500000,79500000,이미경,인천광역시 강동구 개포길
415,25245150.0,3000000.0,77200000.0,17800000,60500000,71500000,최영진,강원도 단양군 역삼431길 (정자구리)
416,82455150.0,3000000.0,14100000.0,18000000,92500000,62500000,이지은,전라북도 성남시 오금2가 (예원박읍)
417,62105150.0,3000000.0,44200000.0,67700000,34500000,03500000,김재호,경상남도 청주시 서원구 삼성길 (영진김서읍)
418,24065150.0,3000000.0,92100000.0,77200000,99500000,98500000,강상철,전라남도 의왕시 삼성가
419,103445150.0,3000000.0,57500000.0,24900000,03500000,36500000,김민수,대구광역시 양천구 영동대9가 (명자이강읍)
420,32885150.0,3000000.0,46700000.0,14400000,29500000,74500000,김예원,제주특별자치도 홍천군 선릉00거리 (정웅김마을)
421,76325150.0,3000000.0,20300000.0,78700000,64500000,08500000,박상철,세종특별자치시 성북구 오금47로 (윤서노마을)
422,88875150.0,3000000.0,66200000.0,12000000,67500000,41500000,최진호,세종특별자치시 양천구 언주13가
423,78275150.0,3000000.0,86300000.0,90100000,38500000,54500000,김상호,충청북도 동두천시 선릉로 (은서박이마을)
424,111725150.0,3000000.0,55000000.0,49800000,57500000,63500000,장영호,경상남도 부천시 소사구 테헤란거리
425,74245150.0,3000000.0,74700000.0,10400000,93500000,80500000,김영일,경기도 양양군 서초중앙로 (하은안손리)
426,82115150.0,3000000.0,27900000.0,60400000,92500000,90500000,김민지,광주광역시 광진구 오금로
427,46355150.0,3000000.0,43400000.0,27200000,37500000,46500000,조혜진,세종특별자치시 관악구 오금62길
428,85955150.0,3000000.0,57500000.0,69900000,58500000,70500000,문보람,전라남도 금산군 논현05거리 (은서장면)
429,96735150.0,3000000.0,65200000.0,81300000,45500000,14500000,황춘자,서울특별시 광진구 영동대로
430,59855150.0,3000000.0,94300000.0,26900000,73500000,22500000,이성훈,대전광역시 서구 오금925가
431,53415150.0,3000000.0,34000000.0,78100000,83500000,42500000,이정웅,경상남도 남양주시 백제고분거리
432,33565150.0,3000000.0,98600000.0,88400000,39500000,90500000,유영미,경상남도 이천시 반포대길
433,41385150.0,3000000.0,26100000.0,16100000,93500000,07500000,황예지,충청남도 부천시 오정구 오금0로 (정수윤읍)
434,24045150.0,3000000.0,35900000.0,21300000,00500000,32500000,김현숙,충청북도 음성군 영동대가
435,82705150.0,3000000.0,23900000.0,39700000,13500000,81500000,김지연,경상남도 포천시 반포대840거리
436,64455150.0,3000000.0,22500000.0,41100000,74500000,14500000,차은정,대전광역시 마포구 석촌호수가
437,64035150.0,3000000.0,51200000.0,31200000,08500000,15500000,이지은,전라북도 가평군 도산대가 (채원권김면)
438,27355150.0,3000000.0,43500000.0,13300000,66500000,35500000,김하윤,경기도 단양군 가락61가
439,95265150.0,3000000.0,13800000.0,11600000,97500000,74500000,주미숙,대전광역시 광진구 양재천거리
440,100895150.0,3000000.0,63400000.0,44300000,14500000,72500000,오윤서,대구광역시 관악구 양재천로
441,16595150.0,3000000.0,34100000.0,80900000,12500000,56500000,송정식,서울특별시 양천구 영동대거리
442,67895150.0,3000000.0,75000000.0,95000000,96500000,02500000,나영미,경상북도 동해시 역삼6길 (윤서강윤읍)
443,116135150.0,3000000.0,85200000.0,88600000,40500000,46500000,김영식,광주광역시 동작구 선릉8길 (숙자이손마을)
444,77905150.0,3000000.0,85300000.0,99300000,64500000,48500000,장정순,부산광역시 관악구 가락가 (순옥김윤읍)
445,116545150.0,3000000.0,25700000.0,14900000,03500000,67500000,김지영,대구광역시 종로구 도산대16가 (명자조최읍)
446,102465150.0,3000000.0,47300000.0,36100000,10500000,47500000,박준혁,충청남도 수원시 권선구 봉은사9로
447,59035150.0,3000000.0,87400000.0,82100000,14500000,81500000,류중수,경상남도 예산군 가락거리
448,60685150.0,3000000.0,17900000.0,44600000,13500000,82500000,김정훈,전라북도 동두천시 강남대1거리 (현숙박고리)
449,89325150.0,3000000.0,68300000.0,65300000,61500000,12500000,김정남,전라북도 보은군 잠실길
450,89815150.0,3000000.0,12100000.0,09100000,55500000,69500000,이진호,전라북도 광주시 삼성로
451,106855150.0,3000000.0,89100000.0,60300000,85500000,30500000,류성호,경기도 횡성군 학동길
452,56055150.0,3000000.0,71700000.0,33100000,62500000,55500000,박지현,경기도 천안시 서북구 학동0가 (재호김이마을)
453,36485150.0,3000000.0,27500000.0,59900000,60500000,73500000,강서윤,전라북도 태백시 압구정0가 (영호김읍)
454,116865150.0,3000000.0,70900000.0,47400000,36500000,33500000,이민수,경상남도 고성군 반포대497가
455,69395150.0,3000000.0,51500000.0,12500000,19500000,41500000,이미숙,서울특별시 도봉구 봉은사길 (순자진동)
456,70995150.0,3000000.0,55100000.0,57500000,31500000,50500000,이민재,경기도 안양시 동안구 선릉519로 (명숙최박마을)
457,102785150.0,3000000.0,32400000.0,58500000,44500000,74500000,배보람,전라남도 의정부시 언주745가
458,43615150.0,3000000.0,12100000.0,18600000,24500000,96500000,엄예원,제주특별자치도 속초시 오금634로 (서현오마을)
459,30995150.0,3000000.0,86400000.0,22400000,72500000,06500000,오영환,부산광역시 마포구 반포대로
460,99625150.0,3000000.0,38600000.0,59300000,25500000,18500000,김미정,강원도 홍성군 잠실가 (은서엄이면)
461,98665150.0,3000000.0,87200000.0,19600000,78500000,28500000,김민수,대구광역시 양천구 가락5거리
462,46635150.0,3000000.0,89300000.0,71000000,45500000,12500000,손예지,서울특별시 영등포구 반포대길
463,114125150.0,3000000.0,39500000.0,75300000,87500000,63500000,권지아,부산광역시 영등포구 삼성169가 (명숙박리)
464,93595150.0,3000000.0,67100000.0,02600000,70500000,33500000,김유진,광주광역시 영등포구 영동대가
465,17985150.0,3000000.0,34000000.0,50500000,13500000,94500000,한영일,세종특별자치시 강동구 선릉가
466,90295150.0,3000000.0,21800000.0,81100000,19500000,19500000,이미영,울산광역시 동구 오금384로
467,56975150.0,3000000.0,38600000.0,06000000,93500000,26500000,최재현,경상북도 고양시 일산서구 압구정799거리
468,103995150.0,3000000.0,59600000.0,31000000,61500000,32500000,이현우,경상남도 부천시 소사구 도산대길 (지원윤동)
469,96885150.0,3000000.0,68900000.0,19600000,31500000,58500000,안정자,서울특별시 노원구 백제고분04거리 (성훈김박리)
470,79115150.0,3000000.0,91900000.0,69700000,64500000,46500000,김민석,강원도 원주시 언주4길 (중수오이마을)
471,88965150.0,3000000.0,27200000.0,34300000,33500000,73500000,문정희,충청북도 용인시 기흥구 개포로 (서현우박동)
472,92315150.0,3000000.0,52800000.0,14000000,82500000,72500000,김지현,세종특별자치시 도봉구 강남대27가
473,61515150.0,3000000.0,83700000.0,41100000,99500000,66500000,최보람,경상북도 과천시 반포대682로
474,31495150.0,3000000.0,29700000.0,12800000,02500000,24500000,이민석,인천광역시 마포구 석촌호수거리 (진우배동)
475,64475150.0,3000000.0,18000000.0,88700000,27500000,99500000,이지후,서울특별시 강남구 학동길
476,83205150.0,3000000.0,81800000.0,31300000,95500000,50500000,장준혁,대전광역시 금천구 역삼거리
477,27865150.0,3000000.0,37600000.0,61700000,03500000,93500000,한정훈,충청북도 청주시 상당구 언주거리 (영철윤마을)
478,95405150.0,3000000.0,26400000.0,03800000,18500000,11500000,김영길,제주특별자치도 철원군 압구정70가 (지훈윤김읍)
479,77585150.0,3000000.0,62900000.0,47300000,33500000,31500000,손성현,울산광역시 성북구 서초중앙359가 (미영전읍)
480,37675150.0,3000000.0,31300000.0,81000000,75500000,01500000,김하은,서울특별시 성북구 테헤란가 (우진김이면)
481,24045150.0,3000000.0,82900000.0,23300000,16500000,15500000,박하윤,대전광역시 서대문구 테헤란가 (재현하임읍)
482,75225150.0,3000000.0,33300000.0,43800000,75500000,81500000,성지민,충청남도 남양주시 서초중앙로
483,27175150.0,3000000.0,91900000.0,27200000,54500000,56500000,김상호,인천광역시 구로구 언주564길
484,81445150.0,3000000.0,52000000.0,75000000,83500000,63500000,김은영,광주광역시 양천구 봉은사로 (영숙최김마을)
485,29985150.0,3000000.0,12500000.0,43000000,84500000,03500000,박성수,인천광역시 강북구 테헤란1가
486,110035150.0,3000000.0,95400000.0,20200000,92500000,84500000,오민지,대구광역시 관악구 잠실53로
487,16445150.0,3000000.0,30600000.0,16300000,05500000,05500000,이우진,경상남도 안산시 논현7가
488,88545150.0,3000000.0,36100000.0,66400000,52500000,82500000,황종수,서울특별시 동대문구 도산대0가 (보람김이동)
489,89485150.0,3000000.0,84900000.0,71500000,49500000,40500000,김은주,강원도 공주시 가락064가
490,45445150.0,3000000.0,87000000.0,75400000,20500000,04500000,심현주,울산광역시 중랑구 학동613거리 (상현장박리)
491,51825150.0,3000000.0,36200000.0,09800000,61500000,94500000,서정숙,세종특별자치시 남구 역삼가 (수빈이박동)
492,28365150.0,3000000.0,63800000.0,83800000,68500000,09500000,이도윤,전라남도 동해시 선릉87가 (지은박박리)
493,68235150.0,3000000.0,36400000.0,62900000,18500000,18500000,박현숙,대구광역시 동대문구 도산대9길
494,74865150.0,3000000.0,96000000.0,74400000,11500000,96500000,이수빈,경상북도 서산시 서초대가
495,29455150.0,3000000.0,95300000.0,93000000,61500000,92500000,류중수,충청북도 고양시 가락535로 (아름최강리)
496,83915150.0,3000000.0,26300000.0,63400000,12500000,36500000,김정남,광주광역시 동구 언주가
497,103965150.0,3000000.0,89000000.0,69600000,46500000,53500000,강상현,인천광역시 용산구 영동대로 (도윤하최읍)
498,54625150.0,3000000.0,20400000.0,01300000,46500000,85500000,박지우,서울특별시 성북구 역삼길
499,71505150.0,3000000.0,56400000.0,61500000,99500000,31500000,최영미,광주광역시 강남구 개포36거리 (상훈한장면)
500,115445150.0,3000000.0,51800000.0,10700000,58500000,12500000,강영순,세종특별자치시 노원구 양재천가
501,116075150.0,3000000.0,65500000.0,32800000,63500000,09500000,강승현,제주특별자치도 천안시 서북구 선릉로
502,32225150.0,3000000.0,66000000.0,47800000,23500000,03500000,이승민,인천광역시 서대문구 논현로
503,28585150.0,3000000.0,59800000.0,50000000,58500000,52500000,김명자,서울특별시 송파구 서초중앙가
504,27255150.0,3000000.0,41700000.0,66700000,40500000,94500000,김민석,세종특별자치시 성북구 석촌호수거리
505,38855150.0,3000000.0,93400000.0,19000000,32500000,97500000,이숙자,경상남도 진천군 언주5로
506,79645150.0,3000000.0,96500000.0,99800000,66500000,39500000,이현주,광주광역시 북구 도산대48가
507,67775150.0,3000000.0,96500000.0,03800000,90500000,37500000,박옥자,충청북도 고성군 역삼거리 (재호이박읍)
508,58745150.0,3000000.0,58200000.0,23900000,57500000,27500000,문현주,전라북도 횡성군 삼성5로 (정훈김면)
509,90325150.0,3000000.0,33900000.0,59600000,09500000,74500000,손준영,세종특별자치시 중랑구 가락34거리 (수민이동)
510,35235150.0,3000000.0,23000000.0,04800000,84500000,89500000,김상철,충청남도 홍성군 선릉5가 (경숙김마을)
511,96755150.0,3000000.0,58700000.0,81500000,26500000,91500000,이현우,대전광역시 노원구 강남대로
512,27285150.0,3000000.0,55400000.0,87000000,51500000,32500000,백지우,울산광역시 도봉구 봉은사길 (명자최김리)
513,49805150.0,3000000.0,82600000.0,06700000,41500000,80500000,양영희,서울특별시 강동구 잠실거리
