,CertificateNums,VolunteerHours,Donation,YearsOfService,FineNums,ShoppingNums,ShoppingAmount,Stock,RealEstateSearch,ElectricCar,BMI,Sex,Age,TravelNums,SNSFriends,BookNums,UseTrafficNums,score
0,1.87,56.87,1,4.52,-9,4.66,92695.82,0,7,1,19.19,0,8,1.6,148,2.03,14.16,4
1,1.54,44.34,0,3.4,-3,4.48,104661.87,0,1,1,24.16,0,2,1.33,142,1.99,16.83,8
2,3.98,60.37,0,4.49,-5,4.69,91292.12,1,0,0,24.49,0,2,1.55,47,2.01,15.98,3
3,2.79,46.33,1,4.22,-2,4.47,115118.65,1,5,1,24.76,1,9,1.62,395,1.99,20.09,10
4,2.28,42.92,1,5.81,-4,5.77,106202.76,1,8,0,19.54,1,2,1.45,309,2.02,13.54,8
5,2.16,51.41,1,6.42,-10,6.13,84085.63,1,2,0,19.48,1,2,1.58,267,1.99,14.9,3
6,3.43,46.97,1,6.07,-9,4.93,109261.22,0,0,0,22.79,1,8,1.54,83,2.01,13.3,9
7,2.07,52.52,0,5.24,-4,5.61,102856.56,0,1,1,17.18,1,8,1.59,175,2.0,11.93,7
8,2.26,53.14,0,4.11,-9,3.34,104355.32,1,1,0,23.51,1,6,1.37,302,1.99,10.93,8
9,3.73,55.41,0,4.28,-1,5.91,88954.9,0,7,0,24.42,1,7,1.43,81,2.01,17.4,3
10,4.07,46.98,1,4.61,-7,5.1,94092.9,0,2,1,24.72,0,8,1.54,258,1.98,13.16,4
11,3.42,53.56,0,4.8,-4,3.62,103324.12,0,3,1,23.92,0,8,1.6,85,2.01,12.63,7
12,5.44,46.48,1,7.76,0,6.02,108902.27,0,8,0,18.98,0,8,1.58,129,1.99,12.49,9
13,2.44,51.88,1,6.11,-4,4.44,92306.82,0,1,0,22.08,1,8,1.69,12,2.0,17.04,4
14,3.1,52.97,0,5.28,-9,6.43,94711.07,0,10,1,23.56,0,3,1.6,80,1.96,16.26,4
15,2.21,50.15,1,3.52,-6,3.87,101089.15,0,3,1,24.2,0,1,1.58,201,1.95,19.48,7
16,2.59,52.74,0,5.1,-3,6.03,97920.63,1,4,1,23.9,1,4,1.3,175,1.99,14.82,5
17,2.35,56.42,0,6.81,-7,5.14,112015.08,0,8,1,20.54,1,1,1.53,296,1.99,18.55,9
18,3.17,43.97,0,5.83,-10,4.76,108275.44,0,7,0,25.15,1,9,1.35,356,2.01,16.98,9
19,3.05,47.8,1,5.83,-10,5.07,97304.42,0,5,1,18.38,1,8,1.43,262,2.01,10.51,5
20,0.96,46.53,1,5.92,-4,4.13,78617.4,0,3,1,22.97,1,7,1.65,295,2.02,17.23,1
21,3.47,52.34,0,4.07,-1,5.78,113783.59,0,8,0,24.98,0,5,1.57,264,1.99,18.35,10
22,3.29,61.68,0,7.63,-9,5.82,94861.58,1,4,0,23.37,1,3,1.63,362,2.01,15.05,4
23,0.34,49.03,0,4.88,-8,6.7,112910.13,0,3,1,24.35,0,9,1.58,290,1.95,17.49,10
24,3.72,53.01,1,5.05,-3,3.77,94828.59,0,8,1,22.01,0,3,1.61,393,1.99,10.91,4
25,2.74,50.93,0,6.05,-8,5.61,102953.69,0,3,1,23.59,1,1,1.66,394,1.96,16.9,7
26,1.04,43.46,1,5.8,-9,4.67,96521.79,0,3,0,22.14,0,4,1.8,79,1.98,14.82,5
27,4.09,57.04,1,4.75,-6,4.81,99372.51,0,1,1,25.4,1,9,1.47,235,2.03,17.56,6
28,3.97,49.08,1,6.87,-1,6.04,87755.44,0,10,0,21.59,0,6,1.3,296,2.01,19.25,3
29,3.8,47.42,1,3.48,-10,4.8,90126.09,0,3,1,20.82,1,8,1.38,21,1.97,12.58,3
30,2.33,51.18,0,5.05,-7,4.23,82870.3,1,6,0,23.67,1,1,1.41,301,2.01,14.35,3
31,2.43,54.62,1,6.39,-8,4.18,87299.14,0,7,0,24.09,1,4,1.46,337,2.01,16.02,3
32,2.91,53.27,1,4.79,-2,5.28,104902.02,0,8,0,23.1,0,5,1.51,104,2.01,14.86,8
33,1.38,44.38,1,2.19,-8,5.58,125380.14,0,10,0,21.5,0,1,1.62,389,2.0,15.03,10
34,3.69,45.25,1,3.92,-4,6.23,95733.86,1,2,1,20.92,1,1,1.47,336,1.98,13.71,5
35,3.95,51.34,1,2.83,-5,6.67,88968.12,1,2,0,21.79,1,2,1.48,355,2.02,14.91,3
36,3.5,44.72,0,6.11,-4,5.09,94161.71,1,7,1,24.59,0,5,1.65,40,2.02,15.17,4
37,2.43,52.75,1,5.11,-9,4.78,95648.65,0,8,1,27.01,0,6,1.53,389,1.99,15.61,5
38,4.59,45.25,1,4.97,-2,2.95,99187.15,1,7,1,21.68,0,3,1.52,279,2.0,16.72,6
39,3.53,47.47,1,7.37,-4,3.21,111239.3,1,2,1,23.67,1,1,1.57,317,2.02,18.15,9
40,3.99,52.12,1,3.93,-10,5.42,113262.71,0,0,0,22.32,0,3,1.22,361,2.01,16.42,10
41,1.87,52.35,0,4.89,-6,6.08,103261.04,0,2,1,22.75,0,3,1.62,83,2.0,13.59,7
42,1.86,48.86,0,4.15,-7,3.4,115370.18,0,5,1,25.53,0,1,1.38,100,1.99,14.25,10
43,1.98,45.0,1,5.02,-5,5.62,99011.51,1,6,1,24.64,0,3,1.44,85,1.99,15.93,6
44,3.84,42.59,1,5.26,0,4.48,108201.44,0,2,1,27.18,1,1,1.61,287,2.02,14.78,8
45,2.91,55.57,1,4.99,-5,2.23,101051.79,1,6,1,25.44,0,5,1.52,337,1.96,16.0,7
46,2.99,50.38,0,5.51,-3,5.99,104915.16,1,7,1,22.95,1,1,1.51,14,2.0,17.52,8
47,3.96,53.95,1,4.93,-9,3.27,92318.79,1,3,1,21.86,1,3,1.42,387,2.05,23.04,4
48,3.33,48.66,1,3.89,-9,5.19,103782.25,1,9,0,25.39,1,7,1.43,273,1.97,14.07,7
49,3.45,56.06,0,3.64,-7,5.05,100804.3,0,5,1,21.42,1,1,1.6,98,2.0,14.64,6
50,2.88,46.55,1,3.91,-7,4.13,95353.18,1,1,1,22.92,1,6,1.46,80,1.98,16.19,5
51,1.57,52.96,0,4.41,-7,5.23,113858.54,1,6,1,17.18,1,3,1.35,391,2.0,13.31,10
52,3.13,56.36,0,4.46,-10,4.83,111488.27,1,10,1,20.44,0,3,1.44,188,2.01,16.24,9
53,2.48,48.11,1,5.71,-6,5.07,115123.61,1,0,0,20.99,1,4,1.44,347,1.98,21.21,10
54,0.73,50.51,1,4.62,-1,3.15,88214.86,0,0,0,21.47,0,4,1.52,218,1.97,13.69,3
55,2.57,50.72,1,3.64,-10,4.47,106233.28,0,9,1,24.02,0,3,1.41,321,2.01,16.67,8
56,2.69,59.32,0,3.68,-2,4.46,87481.5,0,8,1,22.78,0,1,1.49,49,2.0,18.88,3
57,2.83,53.93,1,5.55,0,4.56,93662.83,1,4,0,23.44,1,8,1.6,354,2.03,11.22,4
58,4.52,50.05,1,5.56,0,5.88,110564.61,1,4,1,20.93,1,6,1.44,319,2.01,15.77,9
59,2.48,49.59,1,4.66,-4,4.99,88311.1,1,10,0,22.2,0,2,1.48,307,1.99,16.33,3
60,2.55,55.88,0,4.44,-7,4.09,93423.43,1,6,1,20.93,0,3,1.67,159,2.01,13.06,4
61,3.85,46.78,0,5.92,0,6.29,95935.15,0,6,1,23.0,1,1,1.6,357,2.0,12.13,5
62,2.24,50.14,1,6.77,-2,3.78,108163.68,0,10,1,25.01,1,5,1.34,62,2.0,15.3,8
63,5.05,49.16,0,5.23,-9,6.37,94102.0,0,9,0,22.72,1,7,1.53,154,1.98,16.9,4
64,4.56,55.81,0,5.01,-10,4.04,112025.54,1,9,0,23.96,1,3,1.5,284,2.05,11.92,9
65,1.67,51.0,0,4.02,-10,6.75,103779.13,1,6,1,25.63,1,8,1.52,14,1.99,11.96,7
66,3.8,51.94,0,4.96,-10,6.51,100744.25,0,1,1,26.74,0,5,1.46,17,1.97,13.97,6
67,4.79,51.06,1,5.64,-7,2.91,101065.76,1,5,1,24.39,1,9,1.6,235,2.03,14.56,7
68,4.04,44.78,1,4.24,-6,4.01,88385.68,1,8,0,19.74,1,5,1.44,221,2.0,9.61,3
69,3.36,45.41,1,5.73,-10,6.55,94633.24,0,8,0,21.34,1,3,1.5,226,2.02,15.58,4
70,3.13,48.11,0,4.52,-1,3.06,120424.06,0,0,0,26.19,1,8,1.55,267,2.01,14.33,10
71,2.99,49.83,1,4.38,-10,2.98,95299.72,0,9,1,21.17,1,2,1.49,335,2.0,18.0,5
72,2.68,63.32,1,3.33,-8,4.58,101271.55,0,9,0,20.51,1,4,1.49,338,1.97,17.79,7
73,1.26,42.15,1,3.92,-1,4.45,98114.62,0,4,1,26.81,1,6,1.53,102,2.0,18.72,5
74,3.43,60.84,1,6.42,-1,5.39,113465.95,0,3,0,27.77,0,5,1.46,14,2.01,14.29,10
75,2.78,43.41,0,4.81,-2,4.75,97816.07,0,2,0,26.21,1,4,1.58,148,2.0,19.11,5
76,1.29,41.26,0,6.86,-4,3.55,92735.96,1,4,1,27.62,1,7,1.45,67,1.98,13.7,4
77,1.98,46.57,0,4.11,0,5.86,109252.38,1,7,0,22.31,1,7,1.4,261,2.0,20.68,9
78,2.79,52.69,0,4.44,-9,5.54,113275.5,0,0,1,22.94,0,3,1.61,122,2.01,16.11,10
79,3.98,49.32,0,3.89,-10,6.55,91859.0,0,3,1,23.34,0,3,1.32,63,1.98,19.17,3
80,2.39,53.25,0,6.21,-9,5.58,98264.43,0,4,0,23.87,0,5,1.4,307,2.01,14.89,5
81,3.4,56.83,1,4.33,-9,5.01,112464.38,1,8,0,19.53,1,5,1.34,109,2.01,11.91,9
82,2.22,60.74,1,4.26,-6,5.34,85788.31,0,3,0,23.72,0,2,1.5,130,2.03,19.15,3
83,1.79,43.84,1,4.43,-6,4.85,99770.46,1,1,0,23.17,1,3,1.56,349,1.97,11.81,6
84,1.64,49.1,1,4.58,-6,6.01,79985.73,1,7,1,26.68,0,3,1.37,93,2.02,11.68,1
85,4.84,50.55,0,4.87,0,6.31,95269.06,1,0,0,21.61,1,5,1.51,142,2.03,10.85,5
86,3.03,43.87,0,3.66,-4,2.69,109007.56,1,3,0,21.39,0,4,1.29,311,2.0,13.12,9
87,3.91,56.88,0,5.55,-6,3.88,98902.17,1,2,0,23.21,1,8,1.6,270,2.01,12.2,6
88,2.91,61.9,1,4.54,-6,5.88,90281.19,0,9,0,22.03,0,7,1.37,25,1.99,16.49,3
89,3.92,56.65,0,4.83,-7,6.28,85884.24,1,5,1,23.53,1,8,1.47,119,2.01,15.67,3
90,2.68,47.78,0,5.56,-5,4.67,93976.03,1,4,1,19.15,0,6,1.4,91,2.02,16.47,4
91,1.45,47.05,1,4.85,0,4.81,102044.77,1,9,1,21.98,1,5,1.58,273,2.01,25.17,7
92,1.84,48.52,0,3.54,-3,4.51,99982.1,1,2,1,25.11,0,3,1.42,364,1.98,16.65,6
93,3.88,46.61,0,4.02,-2,6.52,108156.11,0,3,0,21.98,0,9,1.49,381,2.0,18.05,8
94,2.48,41.35,1,6.6,-5,5.0,125946.43,1,4,0,18.75,1,5,1.47,99,1.99,15.71,10
95,3.03,50.26,1,5.26,-5,5.19,87110.17,1,1,1,23.73,1,1,1.66,101,1.98,13.1,3
96,3.86,54.71,1,4.63,-8,5.63,91819.39,0,5,0,20.44,0,9,1.71,381,2.02,7.58,4
97,2.41,49.46,0,5.22,0,4.76,111525.91,1,8,1,21.46,0,4,1.34,186,2.01,18.63,9
98,4.42,56.57,1,4.83,-10,4.83,87452.1,1,8,1,17.95,0,7,1.38,323,1.99,14.8,3
99,2.75,49.82,0,6.1,-10,5.31,99198.54,1,9,1,24.78,1,2,1.35,100,2.0,13.24,6
100,3.62,52.3,1,4.41,-6,4.61,101644.25,0,6,0,23.42,0,6,1.65,271,1.98,15.86,7
101,4.0,49.67,0,5.58,-10,5.36,100456.61,0,10,1,17.37,0,3,1.64,168,2.0,16.3,6
102,2.34,48.96,1,4.93,-8,3.61,112869.08,1,0,1,22.28,0,6,1.66,374,1.99,16.22,10
103,2.7,42.76,0,5.11,-3,6.04,99465.62,0,5,1,25.06,1,7,1.6,160,2.0,19.51,6
104,2.89,39.06,0,6.89,-9,6.76,92323.71,1,2,0,20.82,0,5,1.39,216,1.98,19.34,4
105,1.49,46.79,0,6.69,-5,3.71,114019.79,1,10,0,23.99,1,8,1.36,96,2.01,17.26,10
106,2.75,59.49,1,6.31,-5,5.23,88795.32,1,6,1,22.08,0,1,1.57,370,1.98,16.48,3
107,2.99,48.25,1,5.9,-2,7.36,95855.54,1,6,1,24.24,1,3,1.44,265,1.96,10.41,5
108,1.85,48.71,1,4.57,-1,3.06,84836.46,1,10,1,25.32,1,5,1.42,374,2.0,6.8,3
109,2.36,46.46,1,6.19,-1,5.46,112884.45,0,2,1,23.16,0,7,1.44,56,1.99,17.08,10
110,4.12,55.82,1,4.19,-10,4.86,93687.09,0,6,0,22.39,1,9,1.62,235,1.97,15.79,4
111,4.88,49.61,1,5.21,-6,3.3,88624.76,1,5,1,24.88,0,8,1.45,214,2.01,10.32,3
112,2.5,56.76,0,4.69,-9,5.82,114656.42,0,10,1,23.59,0,9,1.35,205,2.0,16.16,10
113,2.69,49.12,1,5.38,-2,5.19,96113.5,1,10,1,23.3,1,3,1.53,70,1.99,17.2,5
114,2.92,38.24,0,5.28,-3,5.58,110640.18,1,6,1,22.08,1,2,1.38,159,2.0,14.29,9
115,2.1,42.82,0,5.85,-10,6.35,109887.64,1,8,1,22.02,0,9,1.45,102,2.01,13.39,9
116,2.9,48.75,0,6.61,-4,6.6,91576.7,1,7,1,22.3,0,7,1.52,393,1.99,11.09,3
117,3.38,44.43,1,6.14,-3,6.62,124528.79,1,8,0,25.05,0,9,1.54,105,1.99,14.86,10
118,3.26,54.75,0,5.76,-9,6.79,103428.96,1,5,1,21.84,1,4,1.43,148,1.98,17.31,7
119,1.45,53.3,1,4.6,-2,5.54,84226.39,1,2,0,23.3,0,1,1.54,243,1.98,13.47,3
120,2.83,46.04,0,5.37,-8,4.64,96406.2,1,8,1,22.66,0,4,1.35,245,2.01,12.05,5
121,1.82,60.32,1,4.94,-7,4.25,105160.79,0,9,1,25.76,1,8,1.48,366,2.0,16.79,8
122,4.02,51.01,0,3.75,-5,5.74,91313.04,0,10,0,22.53,1,9,1.52,229,2.03,15.27,3
123,3.48,57.02,1,3.94,0,3.48,103079.77,0,10,0,23.39,0,9,1.44,248,1.97,15.9,7
124,2.26,48.58,0,5.91,-1,7.27,91981.28,0,8,0,25.51,1,3,1.46,349,1.98,12.7,4
125,2.39,52.94,1,3.65,-7,6.59,94225.47,1,2,0,25.71,1,3,1.38,398,2.0,13.12,4
126,2.64,51.85,0,5.81,-6,5.64,92409.43,1,9,0,27.01,0,9,1.4,247,2.03,15.71,4
127,4.18,48.58,1,4.3,-6,5.65,110128.82,0,3,1,21.4,0,4,1.45,118,1.97,16.13,9
128,1.13,52.21,0,4.47,0,3.36,112202.59,1,9,1,22.01,1,8,1.54,86,1.99,15.31,9
129,3.5,50.94,1,4.9,-3,5.38,88378.49,1,3,0,26.74,0,3,1.42,227,2.02,13.63,3
130,3.3,58.63,1,2.57,-4,6.05,66714.84,0,10,1,16.77,1,3,1.49,67,1.99,16.28,1
131,2.65,47.54,0,4.99,-2,4.53,120964.01,1,7,0,25.79,1,4,1.67,180,2.01,12.92,10
132,2.14,49.57,0,6.48,-1,3.5,85162.8,0,10,1,22.77,0,8,1.42,333,2.03,16.41,3
133,3.79,48.65,0,4.72,-9,4.31,109230.02,0,2,0,22.07,1,3,1.28,50,1.98,15.28,9
134,2.75,61.93,1,3.2,-5,5.02,92550.36,1,8,1,24.13,1,3,1.35,28,2.02,10.9,4
135,2.9,50.72,1,5.63,-8,4.63,81410.56,1,5,1,22.02,1,2,1.41,301,2.0,13.13,3
136,4.21,50.12,1,4.66,0,3.56,96284.05,0,1,0,24.34,0,4,1.49,295,2.01,21.29,5
137,1.37,56.14,1,4.15,-4,3.84,97552.55,0,10,0,25.88,1,1,1.64,267,2.01,14.11,5
138,2.89,50.43,0,5.3,-5,4.44,84392.51,1,9,1,20.65,1,3,1.42,109,1.96,17.01,3
139,3.93,44.79,1,5.84,-1,6.11,99342.48,1,2,0,18.64,1,9,1.67,75,1.99,15.56,6
140,3.24,50.43,1,5.35,-1,5.45,87335.0,1,2,0,17.9,1,9,1.55,20,2.0,17.49,3
141,4.09,46.04,1,4.67,-5,7.47,100053.37,1,7,1,18.02,0,5,1.28,207,2.02,17.42,6
142,4.02,51.47,1,3.45,-1,5.7,104401.19,0,6,0,21.89,1,7,1.49,358,2.03,15.84,8
143,4.87,49.03,0,4.41,-1,3.82,90537.38,0,0,1,25.98,1,5,1.64,30,1.98,22.28,3
144,2.85,50.73,0,4.28,-4,4.69,97414.68,0,9,1,23.39,0,2,1.55,389,2.03,15.66,5
145,3.07,52.45,0,5.35,-7,5.49,101119.96,1,7,1,18.78,1,7,1.59,99,1.98,13.96,7
146,1.0,57.18,0,3.62,-7,5.67,88434.21,1,7,1,22.46,0,4,1.5,276,1.99,11.05,3
147,1.96,40.15,1,5.14,-7,4.43,109508.62,0,10,1,18.75,0,8,1.55,299,1.98,18.48,9
148,3.38,46.37,1,4.02,0,6.5,101976.72,1,3,0,21.56,0,2,1.65,362,2.0,13.61,7
149,2.91,52.96,1,4.53,0,4.36,90426.65,1,2,0,30.55,1,5,1.41,316,2.02,13.35,3
150,3.26,45.3,1,4.27,-7,4.2,107712.42,1,6,1,23.5,0,8,1.57,252,1.99,14.18,8
151,4.43,47.19,1,5.95,-2,3.03,100422.98,1,3,1,18.49,1,9,1.51,323,2.02,14.87,6
152,3.63,52.82,0,4.47,-8,7.1,85611.12,1,7,1,26.89,0,9,1.62,356,1.98,14.05,3
153,2.94,55.37,0,3.99,-8,4.9,93860.21,1,9,0,22.71,0,9,1.54,121,2.01,16.8,4
154,2.61,52.69,0,6.89,-4,5.73,108848.91,1,7,0,24.62,0,3,1.5,225,2.0,13.64,9
155,3.22,45.73,1,5.17,-4,4.12,97177.77,1,7,0,24.9,1,6,1.58,381,2.01,13.99,5
156,2.72,45.64,0,4.3,-9,6.61,114853.64,1,5,0,24.23,0,4,1.62,292,1.98,16.9,10
157,2.97,48.85,0,4.47,-1,6.76,98783.64,0,7,0,25.59,1,3,1.65,95,2.05,16.01,6
158,3.88,52.1,0,3.77,-10,4.93,91130.4,1,10,1,26.61,1,4,1.32,344,2.04,15.56,3
159,4.38,55.08,0,4.25,-1,4.32,99627.47,1,2,0,22.43,1,6,1.46,376,2.0,11.91,6
160,3.36,59.05,1,6.69,-8,5.61,101876.92,1,6,1,22.84,0,3,1.62,138,1.98,17.84,7
161,2.97,53.61,0,6.55,-4,5.65,90858.61,0,6,1,26.39,1,7,1.49,301,2.01,18.06,3
162,4.08,51.55,1,4.07,-10,4.06,104356.25,0,8,0,21.68,0,7,1.47,244,2.01,12.16,8
163,4.04,41.04,0,5.74,-1,5.26,94306.84,0,10,0,24.39,1,8,1.4,137,2.0,11.65,4
164,2.26,52.21,0,5.85,-9,4.33,99055.16,0,1,1,24.38,0,4,1.53,255,1.98,16.46,6
165,3.22,45.67,0,5.07,-9,5.78,91778.17,0,10,1,25.44,0,5,1.38,354,2.0,15.91,3
166,2.2,48.94,1,6.19,-1,4.8,128094.16,0,6,0,25.47,0,1,1.55,238,2.0,13.23,10
167,3.62,46.25,0,7.15,-2,4.57,100904.83,0,3,1,18.06,1,3,1.63,24,1.99,14.78,6
168,2.6,57.86,0,5.76,-3,5.47,110186.28,1,10,1,24.22,0,9,1.44,207,2.01,16.08,9
169,3.45,51.42,1,5.86,-4,5.43,102824.5,0,7,1,29.77,0,4,1.61,137,2.01,17.12,7
170,2.82,41.7,1,6.34,-6,5.25,94660.36,1,10,1,21.54,1,1,1.56,134,2.04,16.36,4
171,3.13,51.6,1,3.6,-4,6.66,84357.08,0,8,1,27.72,1,5,1.54,282,1.96,14.53,3
172,2.86,56.21,1,4.91,-3,3.79,87137.05,1,7,1,19.61,1,2,1.49,42,2.01,16.33,3
173,2.24,50.72,0,5.08,-7,4.43,107215.44,1,1,0,22.56,1,2,1.52,154,1.98,15.37,8
174,3.92,44.86,1,6.41,-7,5.25,93014.12,0,5,0,24.67,0,4,1.46,204,1.98,16.37,4
175,4.24,50.26,1,4.03,-7,6.1,91932.22,1,2,0,25.61,1,8,1.68,106,1.98,13.86,4
176,2.96,45.55,0,6.95,-2,4.19,118951.54,1,10,1,23.37,1,7,1.52,274,2.01,15.66,10
177,3.09,44.55,0,5.53,-7,6.0,97311.76,1,10,0,27.41,0,8,1.36,126,2.01,17.21,5
178,3.44,52.62,1,4.4,-9,5.65,99922.21,0,10,1,21.1,1,7,1.54,228,2.0,15.95,6
179,3.04,56.62,1,3.23,0,6.21,94945.68,1,1,1,24.48,0,6,1.7,115,1.99,16.39,4
180,2.98,58.51,0,2.94,-5,6.52,96256.22,1,8,0,26.27,1,8,1.55,27,2.0,15.35,5
181,1.55,55.28,0,5.18,-9,4.26,95869.02,0,0,0,28.28,1,1,1.51,270,1.98,15.04,5
182,2.13,47.28,0,5.18,-5,3.22,105306.96,1,10,1,21.01,0,7,1.56,120,2.0,13.23,8
183,2.93,50.46,1,4.97,-6,3.28,104297.86,1,10,0,22.46,0,5,1.48,132,1.97,17.83,8
184,2.54,60.48,0,5.78,-8,3.41,101810.54,1,0,0,26.87,0,5,1.47,260,1.99,13.59,7
185,3.45,48.57,0,4.28,-5,6.92,89692.36,1,3,0,26.31,0,7,1.65,161,2.01,13.9,3
186,2.81,48.16,0,4.51,-7,5.76,93878.56,0,0,1,21.15,0,8,1.4,80,2.03,16.31,4
187,2.72,41.74,1,4.92,-8,5.76,79103.39,1,9,0,24.73,0,7,1.36,40,2.02,13.43,1
188,3.06,52.06,0,4.33,-8,6.16,105031.12,0,2,1,23.83,0,2,1.39,181,2.01,17.7,8
189,1.84,54.9,0,3.63,-5,5.53,106073.94,1,7,1,23.93,0,3,1.46,312,1.96,20.5,8
190,3.53,60.02,0,4.64,-2,6.83,109833.0,1,5,0,20.13,1,7,1.52,131,1.98,16.89,9
191,1.95,48.71,0,7.07,-3,4.64,81033.33,0,7,1,26.5,0,8,1.56,144,2.01,12.7,1
192,1.37,54.99,0,4.26,-4,4.62,101576.68,1,10,1,21.11,0,4,1.58,263,2.03,15.04,7
193,1.9,47.26,1,4.67,-10,3.92,91583.62,0,10,1,21.89,0,2,1.39,218,1.99,13.5,3
194,3.3,57.79,0,3.66,0,6.39,92246.04,0,9,0,29.62,1,4,1.48,383,2.0,14.19,4
195,3.78,51.17,1,4.71,-4,4.38,102549.28,0,1,0,20.99,0,2,1.53,51,1.99,13.98,7
196,3.74,44.31,0,3.6,-2,6.45,100205.69,0,7,1,25.24,1,6,1.34,139,2.0,17.96,6
197,3.51,50.33,1,3.79,-3,5.26,99974.52,1,10,1,24.43,0,9,1.37,17,2.01,16.92,6
198,3.82,51.39,0,2.7,-5,4.3,84833.73,1,2,0,19.44,1,1,1.33,115,1.97,17.45,3
199,3.95,51.56,0,5.82,-4,5.68,86922.42,0,10,0,24.85,1,9,1.51,283,2.01,13.29,3
200,2.42,48.91,0,5.5,-8,5.94,100645.24,1,6,1,22.79,1,3,1.69,312,1.99,14.95,6
201,4.18,50.23,1,5.62,-2,5.35,105985.98,0,3,1,25.38,1,9,1.68,222,2.02,17.79,8
202,2.37,49.16,0,6.94,-8,3.52,84082.9,1,3,0,21.2,1,7,1.36,72,2.01,15.59,3
203,3.52,43.98,1,4.98,-3,7.16,108109.56,0,6,0,22.42,0,4,1.56,376,2.03,18.45,8
204,3.02,43.44,1,6.29,-4,3.69,128058.35,0,7,1,20.64,0,9,1.4,380,2.0,11.29,10
205,3.03,49.38,0,5.27,-4,5.95,98425.2,1,9,1,20.23,0,1,1.49,189,2.02,15.76,5
206,3.31,46.31,1,4.07,-4,5.18,110845.97,0,8,1,23.45,1,9,1.45,165,2.02,10.26,9
207,3.92,53.28,0,4.76,-8,3.36,96781.71,0,1,1,25.8,0,8,1.45,343,1.97,11.88,5
208,3.53,43.72,0,5.64,-7,3.78,100600.67,1,0,0,23.63,0,5,1.54,113,1.99,14.96,6
209,1.82,45.81,0,4.46,-10,4.79,107082.96,1,10,1,20.83,1,3,1.47,56,1.99,12.58,8
210,2.4,56.7,1,5.28,-5,5.33,91945.98,0,4,1,18.99,0,2,1.46,89,1.97,12.48,4
211,3.73,53.3,1,6.68,-1,4.56,90100.17,0,10,1,20.77,1,2,1.34,400,1.98,18.71,3
212,2.67,49.43,1,4.93,-2,5.44,104161.58,1,8,1,25.17,1,2,1.46,346,2.03,14.93,8
213,2.87,47.0,1,4.7,-1,4.57,110142.33,1,1,1,21.65,1,8,1.6,367,2.03,14.01,9
214,3.31,44.86,0,6.06,-10,6.43,99554.66,0,5,0,22.58,1,6,1.47,361,2.01,16.12,6
215,3.25,57.0,0,6.59,-9,3.18,114391.15,0,10,0,25.35,1,1,1.53,203,2.01,17.29,10
216,2.6,55.04,0,4.87,-9,4.57,104359.53,1,9,1,24.31,0,4,1.65,97,1.99,12.41,8
217,3.28,40.62,1,3.04,-10,7.78,115895.02,0,8,1,24.23,0,4,1.56,203,1.99,15.47,10
218,3.3,46.51,0,3.52,-3,6.66,116350.77,0,0,0,21.24,1,8,1.46,324,1.99,15.73,10
219,3.61,42.33,0,5.45,-5,4.0,102733.53,0,1,0,24.2,1,9,1.56,245,2.01,14.67,7
220,2.24,45.54,0,6.04,-6,3.98,107900.9,0,5,1,22.12,0,4,1.42,236,2.01,16.11,8
221,3.78,48.94,0,4.84,-3,5.48,116796.34,0,8,1,25.0,1,8,1.54,281,1.98,12.21,10
222,2.37,52.61,0,4.96,-4,5.43,84846.76,0,4,1,27.73,1,6,1.57,177,2.0,16.77,3
223,2.5,49.66,1,4.44,-8,5.69,83774.03,1,8,1,20.8,1,4,1.4,372,2.0,10.52,3
224,3.2,48.44,1,4.73,-4,6.14,89191.6,1,1,0,20.04,0,7,1.43,161,2.01,17.79,3
225,2.55,49.56,1,5.3,-10,7.12,97059.11,1,0,0,24.95,1,3,1.53,236,1.98,12.94,5
226,3.16,55.47,0,5.82,-3,3.89,80765.66,0,5,0,21.38,0,2,1.41,25,2.05,11.4,1
227,3.9,48.56,1,6.73,-3,3.48,96363.87,1,1,1,22.01,0,8,1.56,20,2.02,13.72,5
228,3.11,40.68,1,3.83,-8,4.51,106617.44,1,10,0,24.57,0,9,1.43,192,1.97,12.76,8
229,3.02,45.39,0,5.33,-10,4.12,97183.8,1,6,0,22.33,0,4,1.56,184,1.98,12.02,5
230,3.18,58.49,0,4.9,-2,5.25,93471.38,0,8,1,24.91,0,6,1.49,38,2.02,13.83,4
231,3.09,57.76,0,4.33,0,3.65,116099.73,0,10,1,25.2,1,3,1.54,149,2.01,15.49,10
232,3.41,51.69,0,5.25,-8,4.22,97674.29,1,0,0,22.56,1,3,1.53,256,2.02,12.22,5
233,2.01,51.21,0,4.65,-3,5.24,101287.31,0,5,1,19.73,1,1,1.52,293,1.98,15.49,7
234,2.82,51.89,0,4.98,-3,3.18,91671.61,1,5,0,26.18,1,9,1.51,317,1.98,12.77,3
235,3.06,48.74,1,4.31,-5,6.4,101692.91,1,6,1,18.86,0,1,1.48,247,2.0,12.42,7
236,3.48,48.13,1,5.75,-6,2.99,97945.12,1,5,1,28.35,1,5,1.66,283,2.01,12.9,5
237,2.51,51.65,0,4.1,-10,5.42,101460.64,1,7,1,23.05,1,9,1.51,16,2.02,12.28,7
238,3.56,47.3,0,3.75,-6,4.57,84823.74,0,5,1,23.15,1,4,1.57,83,1.99,12.89,3
239,2.58,52.63,1,4.25,-8,5.1,106212.56,0,2,0,23.44,0,6,1.64,87,1.98,14.28,8
240,2.59,52.23,0,6.53,-9,6.27,105012.78,1,7,0,19.91,0,1,1.5,348,2.01,15.14,8
241,1.93,45.89,1,3.99,-4,5.04,103407.47,1,6,0,22.67,1,9,1.49,253,2.0,13.56,7
242,2.52,44.26,0,6.26,-4,6.79,116861.28,0,1,1,23.33,0,9,1.34,138,2.01,17.48,10
243,3.8,58.02,1,3.82,-8,5.35,108908.45,0,3,1,25.52,1,8,1.45,195,1.99,16.65,9
244,3.24,41.25,0,5.41,-5,3.67,112491.54,1,4,1,19.37,0,8,1.51,89,1.98,18.84,10
245,3.28,50.66,0,5.48,-6,4.42,93762.88,1,10,1,24.56,0,6,1.36,326,1.99,16.81,4
246,3.36,54.2,0,4.5,-5,3.89,125410.75,1,9,1,23.75,1,5,1.52,216,2.0,13.65,10
247,3.86,56.87,0,6.18,-5,3.34,99946.67,1,9,1,24.36,0,3,1.56,160,1.99,19.09,6
248,3.24,47.5,0,7.08,-5,4.0,94951.31,0,7,1,22.5,1,8,1.4,122,2.0,16.41,4
249,1.92,57.76,1,5.67,-2,4.41,97195.9,0,2,0,23.59,1,5,1.52,113,1.94,12.72,5
250,1.7,51.68,1,5.2,-9,5.77,90002.03,1,8,1,23.86,0,6,1.48,367,2.01,11.35,3
251,1.83,51.23,0,5.31,0,4.96,89858.45,1,0,1,21.69,1,3,1.51,203,1.99,15.75,3
252,1.89,46.27,0,5.17,-7,6.93,117559.78,1,2,1,24.8,1,8,1.56,114,1.98,14.87,10
253,1.81,50.38,0,2.48,-3,6.05,97754.37,1,3,0,22.75,0,4,1.53,346,1.99,12.73,5
254,3.1,44.6,1,3.99,-1,6.29,112443.88,1,7,1,26.03,1,4,1.5,262,2.02,11.17,9
255,0.97,50.75,1,7.66,-8,4.86,86654.79,0,10,0,24.72,0,6,1.52,97,2.03,12.93,3
256,1.41,52.5,1,5.24,-4,5.87,102646.56,1,3,0,19.76,1,8,1.5,89,1.97,16.76,7
257,2.17,59.01,0,6.32,0,5.62,101631.33,1,6,0,20.58,1,8,1.42,159,1.94,12.01,7
258,1.98,50.16,0,5.37,-5,5.21,128941.68,0,5,1,25.17,0,5,1.65,164,1.98,15.62,10
259,2.27,55.87,0,5.17,-6,6.69,91200.41,0,3,0,24.35,1,2,1.44,219,2.0,17.73,3
260,3.07,51.65,0,7.28,-5,4.48,106487.82,0,6,0,19.63,1,1,1.42,40,2.0,16.18,8
261,2.41,49.27,0,6.35,-10,5.33,94814.61,1,6,0,22.67,0,2,1.65,88,2.02,16.02,4
262,3.33,51.14,0,5.31,-2,5.92,89877.81,0,6,0,24.29,1,8,1.57,70,1.97,13.46,3
263,3.0,60.16,1,3.25,-5,6.46,110337.61,0,5,0,23.6,0,9,1.35,81,2.01,12.37,9
264,2.71,55.69,0,6.66,-9,4.58,90776.02,1,5,0,26.5,1,4,1.52,125,2.02,15.81,3
265,4.36,49.92,1,5.51,-10,4.65,95895.2,1,10,1,25.41,0,1,1.64,348,2.0,15.16,5
266,2.95,47.87,1,4.36,-8,4.64,100322.76,0,4,0,21.72,1,4,1.41,309,2.01,16.46,6
267,2.53,45.04,0,5.65,-6,4.84,99933.77,1,0,1,23.61,0,7,1.43,103,2.01,12.09,6
268,1.71,59.06,1,4.42,-4,4.82,99243.92,1,6,1,26.04,1,8,1.52,393,2.0,17.71,6
269,2.61,42.62,0,6.04,-2,3.28,103203.46,1,5,0,22.73,1,1,1.56,148,2.04,19.61,7
270,3.79,49.7,1,4.13,-5,6.31,97828.36,0,8,1,19.89,0,1,1.85,31,1.98,12.28,5
271,3.96,42.39,1,5.76,0,4.48,108183.9,1,8,0,25.71,1,5,1.6,307,2.0,12.63,8
272,3.32,46.96,0,5.66,-3,5.74,110692.65,1,2,0,20.09,1,9,1.61,52,2.01,17.6,9
273,2.45,55.18,0,6.06,-6,4.67,113357.25,0,2,0,22.27,1,1,1.56,285,2.01,11.77,10
274,0.75,51.12,1,5.06,-8,5.37,105180.6,1,5,1,22.62,1,1,1.59,68,2.01,11.63,8
275,3.81,49.99,1,6.21,-7,5.97,114381.46,1,5,1,15.9,1,4,1.56,157,2.01,13.44,10
276,2.32,54.99,1,4.73,-9,5.13,115110.08,1,3,1,25.01,0,8,1.41,220,1.98,15.5,10
277,2.42,51.37,0,5.75,-5,5.2,84097.12,1,7,0,18.46,0,6,1.44,338,2.03,16.16,3
278,3.45,50.3,0,5.86,-3,6.42,109875.34,0,0,1,24.57,1,3,1.59,160,2.01,16.31,9
279,1.23,55.11,1,4.98,-2,4.9,90537.95,0,8,1,24.16,1,9,1.45,85,1.98,16.31,3
280,3.2,51.75,1,6.05,-6,5.86,84629.21,0,5,0,19.54,1,1,1.36,251,1.98,22.84,3
281,2.94,55.74,0,5.46,-6,6.74,95205.97,1,2,1,25.65,1,9,1.57,219,2.02,11.88,5
282,4.0,58.45,0,5.26,-8,5.97,106074.49,1,6,1,22.5,0,7,1.36,65,1.99,15.65,8
283,2.35,46.75,1,4.63,-9,7.94,94853.81,1,6,1,22.83,1,2,1.52,395,2.02,17.17,4
284,3.98,41.96,0,3.56,-4,5.19,103664.89,1,1,1,21.76,1,2,1.34,349,2.0,13.74,7
285,1.72,53.58,1,5.07,-1,4.11,108138.01,0,4,1,24.73,1,4,1.39,334,1.95,17.22,8
286,3.15,40.92,0,6.09,-3,4.67,111264.42,0,5,0,21.12,1,2,1.64,111,1.99,18.01,9
287,3.92,49.54,1,7.41,0,5.3,98019.16,0,5,1,23.84,0,7,1.47,227,2.02,17.34,5
288,3.35,40.29,1,5.23,-3,5.25,93064.93,1,6,1,20.69,0,8,1.61,167,2.02,15.64,4
289,3.02,58.51,1,2.05,-7,5.29,111192.38,1,9,1,21.98,0,9,1.38,219,1.99,15.87,9
290,2.03,52.05,1,5.83,-2,5.4,89369.35,0,0,0,21.09,0,1,1.32,139,1.98,12.67,3
291,3.42,52.56,0,6.24,-1,4.53,100421.55,1,9,1,23.86,1,7,1.49,42,1.95,16.79,6
292,3.25,49.99,0,4.96,-7,5.74,95137.84,0,5,0,23.64,0,4,1.38,23,2.04,16.3,4
293,4.42,43.69,1,4.07,-7,5.41,89606.99,0,8,1,24.1,1,7,1.45,197,2.03,14.09,3
294,3.01,52.87,1,3.96,-3,4.16,106743.48,1,5,1,27.64,1,1,1.56,113,2.02,15.93,8
295,2.53,48.54,1,4.4,-4,4.16,110079.95,1,4,1,20.74,1,2,1.3,79,2.01,13.01,9
296,2.74,43.12,0,5.69,-5,4.62,94505.88,1,8,0,22.85,0,6,1.44,374,2.01,20.07,4
297,3.27,49.13,0,4.56,-7,6.2,94849.09,0,9,1,22.87,0,5,1.55,88,2.0,13.7,4
298,3.47,53.68,1,4.81,-6,4.88,123136.9,0,4,0,22.18,0,3,1.51,254,2.03,16.58,10
299,3.27,46.5,1,5.13,-2,4.73,105278.65,1,0,0,21.67,1,5,1.34,230,1.96,14.06,8
300,1.71,53.12,1,4.83,-2,4.05,114911.94,1,3,1,24.69,1,4,1.31,206,2.02,13.52,10
301,2.26,43.32,1,4.82,0,5.25,86845.23,1,4,1,21.16,0,4,1.42,169,2.0,10.73,3
302,2.52,50.46,0,7.78,-3,4.91,106182.32,0,8,1,22.58,1,9,1.61,77,2.01,15.07,8
303,3.27,53.71,1,4.62,-4,5.83,107472.74,1,8,1,24.68,0,3,1.26,379,1.98,14.36,8
304,3.89,48.66,0,7.09,0,5.59,87498.05,0,10,1,21.05,0,9,1.42,82,2.01,15.97,3
305,3.81,55.89,0,3.91,-8,3.83,92746.33,0,3,0,25.62,0,6,1.54,180,1.99,18.54,4
306,2.01,53.9,0,5.66,-3,5.03,96337.56,0,8,1,27.32,0,4,1.58,188,2.01,17.45,5
307,3.61,48.72,0,6.03,-6,5.2,110011.74,1,0,0,21.82,1,5,1.73,193,1.99,16.22,9
308,2.61,49.51,0,5.86,-5,6.13,111220.71,0,8,1,24.0,0,3,1.25,197,1.99,18.94,9
309,3.61,49.98,1,5.34,-4,7.16,96998.29,0,1,0,21.62,0,2,1.59,244,2.0,16.67,5
310,3.15,43.49,1,6.09,-9,5.58,115299.68,0,5,1,26.32,0,9,1.27,72,2.04,18.74,10
311,3.73,51.33,1,4.71,-10,6.9,88686.82,1,10,0,24.93,1,1,1.42,149,1.99,15.29,3
312,2.75,52.52,0,6.91,0,5.29,102733.87,0,4,1,22.03,0,9,1.56,29,2.01,12.87,7
313,1.64,49.75,1,5.37,0,7.73,91200.69,0,5,1,26.5,0,1,1.53,340,2.02,13.2,3
314,2.99,57.05,1,5.33,-3,5.97,94704.58,0,8,0,18.83,0,9,1.58,140,1.98,16.31,4
315,2.92,45.08,0,5.56,-9,5.56,114690.91,1,5,1,26.15,0,5,1.41,356,1.99,13.52,10
316,2.0,54.47,0,5.2,-4,5.43,110788.73,1,10,0,25.98,1,9,1.46,222,1.99,15.2,9
317,1.62,54.83,1,6.27,-6,3.33,101881.05,1,6,0,23.77,1,9,1.47,342,2.01,9.87,7
318,3.04,59.56,1,3.92,-4,4.74,107518.47,0,7,0,20.96,0,5,1.62,376,1.97,14.51,8
319,3.21,53.98,1,6.73,-6,5.26,108898.34,1,6,0,24.51,1,2,1.46,266,1.98,10.85,9
320,3.11,36.5,1,5.94,-9,5.2,109104.59,1,6,1,22.91,0,6,1.68,349,2.02,16.05,9
321,3.58,40.68,1,4.16,-7,5.93,114183.53,0,1,1,22.63,1,6,1.35,330,1.96,12.62,10
322,3.1,51.12,1,5.74,0,6.04,105158.81,0,10,1,21.51,0,9,1.57,122,1.98,17.18,8
323,3.47,56.57,0,3.98,-9,5.37,118567.48,1,9,0,24.93,0,4,1.44,385,2.02,16.32,10
324,2.53,44.4,0,4.54,0,5.35,98349.1,1,8,1,24.17,1,5,1.6,164,2.01,16.91,5
325,1.37,56.69,1,4.22,-9,5.5,98751.44,0,5,0,20.99,0,1,1.7,172,1.98,13.61,6
326,4.01,54.8,1,5.98,-9,4.27,110983.31,1,2,1,26.47,0,1,1.54,140,2.02,12.23,9
327,2.02,52.77,1,5.04,-1,5.95,89729.6,0,5,1,22.65,1,4,1.53,95,2.0,19.23,3
328,3.75,48.59,1,5.93,-7,4.13,109023.0,1,5,1,23.71,1,5,1.48,358,1.99,9.02,9
329,2.89,48.43,0,3.87,-9,4.64,99158.25,0,7,0,26.85,0,7,1.58,300,1.97,19.23,6
330,2.27,48.29,0,5.51,-3,4.89,94190.43,1,9,1,19.27,1,3,1.51,356,1.99,13.19,4
331,2.4,52.77,0,4.72,0,4.7,99597.33,0,5,1,23.25,1,4,1.48,297,2.01,14.7,6
332,3.82,50.02,1,6.01,-1,3.51,119965.33,0,3,0,23.48,1,2,1.5,94,2.02,10.28,10
333,3.66,55.51,0,6.33,-3,4.48,94245.36,0,2,0,23.78,1,9,1.51,179,2.01,13.03,4
334,3.35,58.28,0,5.35,0,4.05,83534.59,0,0,1,21.65,0,1,1.51,204,2.01,12.46,3
335,2.78,48.42,1,5.9,-9,5.23,104452.67,0,6,0,29.16,0,9,1.66,278,2.02,12.22,8
336,2.65,48.21,1,3.31,-2,5.42,108137.73,1,0,0,20.27,0,9,1.41,34,2.01,14.38,8
337,2.81,42.77,1,3.67,-8,4.18,101867.13,1,9,1,27.61,0,1,1.4,160,2.01,17.23,7
338,3.86,44.62,0,4.12,0,3.92,90793.42,1,4,0,18.64,1,2,1.46,26,1.98,18.87,3
339,2.71,46.55,0,5.66,-4,4.01,93014.61,1,6,0,22.01,1,3,1.61,281,1.99,16.07,4
340,2.85,47.45,1,4.13,-4,4.71,90602.21,0,9,0,22.6,1,2,1.46,92,1.97,14.23,3
341,3.99,48.0,1,5.7,-8,4.95,106054.67,1,8,0,18.92,1,1,1.65,231,2.0,11.88,8
342,3.58,51.63,0,5.85,-9,4.71,91317.13,1,6,1,22.91,1,8,1.53,89,2.01,16.66,3
343,3.44,61.91,0,4.89,-6,4.77,91821.64,0,8,1,23.93,1,9,1.5,45,2.0,16.3,3
344,3.93,60.58,0,5.91,-8,4.28,108215.0,0,0,1,18.21,0,1,1.42,104,1.99,15.15,8
345,2.95,56.57,1,6.29,-8,3.5,118407.18,1,0,0,19.28,0,6,1.53,355,1.99,15.14,10
346,2.61,43.83,1,6.32,-3,5.02,102545.99,1,8,0,16.7,1,4,1.56,94,1.95,17.24,7
347,4.25,50.84,1,5.01,-1,5.97,81397.95,1,5,1,28.32,1,7,1.38,234,1.97,15.36,3
348,3.65,51.19,1,5.69,-2,4.97,97397.08,0,10,0,24.22,1,9,1.49,24,2.02,10.84,5
349,2.63,49.53,0,5.32,-9,5.25,98064.25,1,5,1,23.39,0,7,1.56,350,1.99,13.25,5
350,4.25,49.45,1,5.86,-1,5.92,92068.71,1,10,0,22.14,1,2,1.38,231,1.97,14.24,4
351,2.41,48.61,0,4.24,0,3.66,113381.4,1,4,0,23.24,0,5,1.16,128,1.99,14.87,10
352,1.93,58.25,1,4.15,-3,4.56,100029.25,0,7,0,20.16,0,1,1.51,187,1.99,17.66,6
353,2.9,42.36,0,5.24,-7,5.64,119452.72,1,0,0,20.23,1,4,1.41,292,2.02,14.6,10
354,4.05,44.45,1,4.71,-8,5.74,97508.94,1,5,0,26.54,1,5,1.5,319,2.0,13.88,5
355,3.89,45.65,1,4.62,-2,4.35,97362.14,1,4,0,27.17,0,4,1.38,95,2.0,14.52,5
356,3.62,43.09,1,5.07,-8,6.58,91833.97,1,4,1,18.13,1,1,1.59,333,1.99,17.79,4
357,4.87,49.08,1,3.85,0,4.3,96393.8,0,2,1,18.85,0,6,1.58,259,1.98,16.4,5
358,4.04,53.49,0,5.66,-1,6.07,82210.31,1,6,1,20.33,1,8,1.75,204,1.98,16.91,3
359,1.95,44.04,0,3.19,0,5.01,113320.44,0,5,0,21.69,0,9,1.58,241,2.0,15.7,10
360,3.78,54.47,0,5.83,-7,3.44,105188.14,1,6,1,20.12,1,4,1.61,14,1.99,18.7,8
361,2.66,48.48,1,5.63,-9,6.55,73438.59,1,7,1,20.61,1,2,1.47,335,1.99,17.76,1
362,3.46,40.39,0,5.62,-2,6.35,97157.37,0,10,1,23.68,0,5,1.67,158,2.01,18.89,5
363,3.14,55.19,1,3.62,-5,5.38,108993.86,1,9,1,23.9,0,5,1.5,287,2.0,17.95,9
364,3.18,50.91,0,4.17,0,5.28,114614.91,0,2,1,22.88,1,7,1.57,206,2.02,17.23,10
365,3.95,51.7,0,4.36,-1,4.84,108263.62,0,8,0,21.47,0,1,1.57,95,1.97,13.43,8
366,3.09,52.05,1,4.87,-3,3.08,82081.39,1,0,0,19.15,1,3,1.51,46,2.02,15.1,3
367,3.89,49.78,1,4.94,-5,5.62,90656.76,1,1,0,24.78,1,8,1.53,186,1.99,11.75,3
368,2.11,47.85,0,4.83,-9,5.72,83018.73,0,10,1,22.84,0,5,1.46,271,2.01,13.53,3
369,2.27,50.76,0,3.94,-8,5.04,106323.81,1,6,1,21.56,1,7,1.53,162,2.03,19.84,8
370,2.84,57.3,1,5.09,-3,5.52,99132.09,0,9,1,19.09,0,6,1.43,101,1.99,15.48,6
371,3.02,48.84,1,5.88,-7,4.96,105418.78,0,8,1,23.11,0,5,1.61,317,2.0,13.97,8
372,2.06,56.96,1,4.39,-3,4.64,88480.39,0,8,0,18.55,1,6,1.39,207,2.0,12.85,3
373,1.47,53.09,1,3.88,-6,4.21,99911.05,0,7,1,26.62,0,2,1.53,344,1.99,16.24,6
374,1.96,42.75,0,4.22,-9,5.77,97364.1,0,6,1,24.93,1,8,1.47,27,2.01,16.23,5
375,3.45,54.49,1,5.96,-1,5.24,97214.33,1,4,1,22.54,0,7,1.51,140,1.99,16.2,5
376,3.68,47.63,1,4.74,-3,3.77,93609.87,0,2,1,25.32,1,9,1.38,93,1.99,12.22,4
377,1.93,52.32,0,5.55,-5,7.85,92201.89,0,0,0,22.87,1,8,1.43,186,1.97,12.12,4
378,2.79,57.18,0,4.05,-1,6.65,102531.69,0,4,1,23.08,1,3,1.4,27,1.96,13.42,7
379,3.37,46.22,1,5.86,-10,3.53,106661.1,1,6,0,23.19,1,4,1.44,296,2.0,12.89,8
380,3.79,35.32,0,3.14,-2,4.92,113246.51,1,5,1,22.96,0,2,1.52,260,2.01,16.3,10
381,3.07,47.55,1,4.43,-7,2.54,111048.96,1,4,0,21.59,1,4,1.48,141,2.03,14.23,9
382,2.95,54.62,1,5.76,-5,6.94,105321.84,0,4,1,20.35,1,2,1.49,264,1.97,13.93,8
383,1.93,45.0,1,4.73,-5,4.8,96652.32,0,6,0,24.85,0,5,1.53,117,2.0,15.39,5
384,2.88,50.76,1,3.89,-2,4.9,84774.11,1,7,1,24.75,1,3,1.53,339,2.03,10.81,3
385,2.41,47.8,1,5.74,-6,6.16,110029.47,1,0,1,23.25,0,3,1.47,233,1.97,11.96,9
386,3.82,42.28,1,5.04,-5,3.58,90881.9,1,1,0,20.22,1,6,1.43,332,2.02,13.96,3
387,3.69,49.53,1,5.32,-1,5.07,84047.84,0,4,1,24.57,0,1,1.4,105,1.98,17.88,3
388,3.56,54.36,1,6.14,-6,4.0,100869.66,1,5,0,27.49,0,1,1.27,18,2.0,17.51,6
389,3.39,44.24,1,5.5,-7,4.73,103858.0,0,6,0,23.39,0,5,1.4,340,2.04,13.9,7
390,1.52,58.75,1,4.06,-9,3.41,90204.43,1,0,0,26.44,0,5,1.43,226,2.01,16.6,3
391,2.91,51.11,0,4.54,-10,5.43,111082.15,0,4,1,21.64,1,7,1.5,387,2.01,16.43,9
392,3.19,43.48,1,4.94,-8,5.36,100910.2,0,5,1,22.53,0,4,1.45,108,1.99,14.24,6
393,2.99,47.8,0,3.34,-7,5.5,100744.51,1,8,1,22.22,0,9,1.56,392,2.02,14.35,6
394,2.61,52.49,0,6.02,-9,4.73,82629.16,1,6,1,23.53,0,9,1.37,46,2.0,16.28,3
395,3.02,47.01,0,4.36,-1,4.94,92321.22,0,1,0,23.55,0,8,1.5,118,2.0,12.84,4
396,2.82,50.37,0,4.46,-7,5.53,116473.69,0,6,0,18.49,1,8,1.63,80,2.0,16.14,10
397,2.65,50.72,0,5.04,0,4.55,118186.48,0,8,0,20.64,1,7,1.5,262,1.98,13.81,10
398,3.29,52.33,1,3.64,-9,6.52,97541.98,1,3,1,23.32,0,9,1.33,278,2.01,14.98,5
399,2.73,47.75,1,5.9,-8,3.09,91603.39,1,9,0,22.25,0,1,1.35,88,2.01,12.97,3
400,3.76,56.71,1,5.52,-7,4.9,97877.22,1,8,1,24.8,0,7,1.39,280,1.97,11.17,5
401,3.37,56.67,1,4.37,-9,3.36,94363.71,0,6,0,16.93,1,7,1.64,54,2.0,15.69,4
402,2.95,41.28,0,5.73,-6,6.49,99970.19,0,7,0,23.74,0,9,1.64,137,1.99,17.26,6
403,4.81,53.0,0,6.03,-8,6.5,102943.39,0,1,1,27.23,1,3,1.41,282,2.0,15.65,7
404,3.12,57.46,1,4.46,-2,3.68,107412.36,1,7,1,24.8,0,9,1.66,254,1.99,13.59,8
405,2.44,43.54,0,4.72,-1,4.61,100921.16,1,3,1,19.93,0,4,1.6,80,2.02,16.07,6
406,3.99,55.71,1,4.75,-10,5.94,95175.31,0,7,1,24.02,1,7,1.43,31,1.97,12.26,4
407,2.6,50.64,0,4.89,-1,6.0,105861.99,0,9,1,23.9,1,7,1.54,218,1.99,16.21,8
408,1.42,56.62,0,4.64,-5,5.15,99604.53,1,9,0,17.69,1,9,1.55,250,2.01,17.38,6
409,2.55,51.28,0,4.68,-9,5.78,93933.06,0,5,0,18.48,1,3,1.47,151,2.0,17.77,4
410,4.02,44.44,1,3.32,-10,3.85,93972.5,0,2,1,19.23,0,6,1.64,391,2.02,22.85,4
411,2.83,52.46,0,4.76,-4,5.57,120549.29,0,2,0,22.06,1,1,1.47,56,2.05,14.06,10
412,4.5,55.42,1,5.53,-1,5.24,103071.47,1,7,0,23.15,0,9,1.57,72,1.99,14.12,7
413,1.62,50.24,0,5.6,-7,5.26,94065.81,1,6,1,22.55,1,2,1.51,63,1.98,17.46,4
414,2.89,49.85,1,6.14,-8,5.16,102732.02,0,7,1,22.76,0,1,1.53,378,2.03,12.37,7
415,2.95,49.56,1,5.78,-4,6.8,109533.2,1,2,0,25.88,1,2,1.5,341,2.03,15.05,9
416,4.28,57.45,0,5.73,-3,5.85,84747.06,1,0,1,19.55,1,6,1.67,251,2.02,19.08,3
417,2.81,49.16,1,4.97,-2,3.77,87607.72,1,6,1,26.35,0,6,1.38,262,1.98,19.07,3
418,3.44,47.82,0,5.23,-2,5.48,114323.61,0,10,1,23.62,1,9,1.53,28,2.01,13.33,10
419,3.01,49.71,0,5.31,-4,5.2,104054.92,1,7,0,24.99,1,1,1.6,71,2.02,11.68,8
420,3.43,54.88,1,5.24,-5,4.0,100675.19,1,1,0,26.21,1,2,1.47,165,2.01,16.95,6
421,4.35,43.84,1,5.08,-1,4.81,105930.61,0,10,1,23.94,0,9,1.48,216,1.99,10.38,8
422,3.4,44.14,0,4.95,0,5.98,91946.6,1,10,0,24.08,1,1,1.49,234,2.0,12.88,4
423,3.73,56.42,1,5.03,-4,5.79,111228.91,1,8,0,25.4,0,9,1.42,310,1.99,17.8,9
424,3.13,57.63,1,5.4,-6,5.97,104914.64,0,0,1,21.54,0,1,1.41,34,2.0,18.12,8
425,3.07,52.35,1,5.75,-9,5.61,95787.8,0,10,0,22.11,0,6,1.32,50,1.99,18.73,5
426,2.42,46.54,1,4.39,-6,4.91,103032.23,1,6,0,26.43,0,1,1.57,358,1.99,11.61,7
427,3.29,47.78,0,5.7,-1,5.42,115287.61,0,10,1,20.21,1,9,1.31,169,1.99,14.64,10
428,3.44,46.49,0,4.69,-9,4.48,95090.24,1,10,1,23.5,0,7,1.53,23,1.99,12.39,4
429,2.45,49.58,1,6.16,-8,4.21,102057.86,1,2,1,21.74,0,7,1.43,191,2.02,16.13,7
430,0.12,48.13,0,4.23,-2,6.2,93523.5,0,7,1,20.14,1,1,1.45,163,2.0,19.89,4
431,3.92,45.37,1,5.07,0,5.66,92870.1,0,9,1,20.66,0,1,1.43,10,1.98,14.83,4
432,1.92,52.7,1,5.55,-6,5.42,102689.91,0,3,1,24.47,1,3,1.58,393,2.02,13.26,7
433,2.4,51.53,0,5.27,-1,4.45,76725.3,0,10,1,30.63,1,9,1.51,199,1.98,11.65,1
434,2.36,58.37,0,4.59,-9,5.04,99776.34,0,9,0,21.25,0,8,1.69,283,2.01,12.49,6
435,3.65,56.96,1,4.71,-8,4.19,113252.83,0,4,1,21.43,1,2,1.43,322,1.98,13.5,10
436,2.5,47.8,0,5.91,-10,5.23,93277.23,1,9,1,20.62,0,5,1.43,179,2.02,13.49,4
437,2.31,56.68,0,5.31,-9,3.89,92524.73,0,2,0,22.7,0,9,1.68,116,2.01,16.69,4
438,3.47,56.02,1,5.47,-8,5.52,103287.93,0,5,0,23.33,0,3,1.4,131,1.99,16.58,7
439,2.19,51.77,1,5.68,-7,5.31,103318.84,0,1,1,21.07,1,8,1.51,178,1.97,15.75,7
440,2.39,52.38,1,5.45,-5,3.35,90016.73,1,3,1,22.74,0,7,1.48,60,1.98,13.19,3
441,2.57,51.49,1,4.8,-4,4.88,117755.46,1,10,1,21.11,0,1,1.58,229,2.01,16.96,10
442,2.21,38.3,0,4.39,-10,4.1,79062.03,0,1,0,22.27,0,2,1.52,323,2.01,13.25,1
443,2.88,49.79,1,3.42,-3,3.8,108128.74,0,3,0,23.64,1,9,1.56,329,2.01,11.05,8
444,3.38,50.98,0,5.16,-7,4.6,89109.05,0,10,1,22.27,1,6,1.28,42,2.03,16.51,3
445,3.39,47.54,0,3.05,-9,3.91,98644.63,0,7,1,20.88,1,8,1.72,57,1.99,11.73,6
446,3.09,60.58,1,5.16,-5,5.31,101382.95,1,5,1,21.2,0,3,1.63,116,1.98,12.72,7
447,1.47,43.85,0,5.75,-3,4.56,100499.8,0,1,1,25.95,1,8,1.38,201,2.01,12.2,6
448,4.83,53.69,1,3.66,-3,4.98,108846.24,1,6,0,22.48,0,3,1.49,113,2.03,16.67,9
449,2.01,44.75,0,5.29,-4,4.87,95760.84,1,4,1,21.66,0,6,1.51,47,2.02,13.53,5
450,3.29,51.71,1,4.91,-8,4.33,102320.75,0,0,0,24.07,0,5,1.58,28,1.99,15.58,7
451,1.72,55.76,0,5.19,-2,6.02,107774.73,1,5,0,21.6,1,9,1.47,157,2.03,16.08,8
452,3.18,54.66,1,6.83,-7,5.09,98902.2,0,3,0,20.03,1,6,1.53,240,2.03,13.79,6
453,2.39,53.4,1,4.76,-8,5.07,126562.32,1,2,1,24.18,1,7,1.46,286,1.99,13.89,10
454,3.32,57.7,1,3.05,-2,4.12,102058.53,0,3,1,22.14,1,3,1.45,31,1.99,11.94,7
455,3.36,46.08,1,5.11,-6,5.0,116655.03,0,8,1,27.56,0,7,1.48,317,2.01,14.63,10
456,0.96,50.49,1,5.06,-2,5.92,93131.4,1,1,0,22.91,1,1,1.51,116,2.02,16.94,4
457,3.84,49.72,0,3.17,-4,4.36,86922.51,0,3,0,21.52,0,5,1.42,38,1.99,18.02,3
458,3.05,50.62,1,5.48,-10,5.53,104947.19,1,10,0,25.48,0,7,1.53,330,2.0,11.24,8
459,3.8,48.72,0,4.59,-4,5.66,111475.2,1,7,0,20.92,0,8,1.66,259,2.02,13.99,9
460,3.03,44.93,0,5.99,-1,6.45,92675.75,0,4,0,27.14,0,4,1.4,194,1.99,13.17,4
461,2.47,52.9,0,5.12,-9,4.87,110521.8,0,8,1,19.06,1,1,1.59,68,1.95,15.86,9
462,3.75,56.87,1,4.92,-7,4.52,92313.73,0,10,0,20.66,1,3,1.62,30,2.0,13.1,4
463,3.57,47.7,0,6.58,-7,6.48,96605.53,0,6,1,22.29,1,2,1.67,291,2.04,13.69,5
464,2.57,47.45,0,4.62,-2,4.78,104959.14,1,0,1,20.89,1,7,1.49,346,1.99,17.37,8
465,3.61,48.93,0,3.61,-4,5.04,87430.74,0,4,0,20.75,0,5,1.43,127,1.98,17.74,3
466,1.76,39.95,1,4.97,-10,4.56,95297.52,1,7,0,22.86,1,7,1.62,233,2.02,13.9,5
467,2.85,53.04,0,4.48,-4,4.7,96243.36,0,0,1,22.41,0,3,1.56,127,2.02,13.92,5
468,2.53,51.91,0,4.02,-6,5.35,115337.39,0,3,0,26.45,0,4,1.53,131,2.02,14.79,10
469,3.48,49.62,0,5.09,-8,6.74,115117.98,1,2,1,19.82,0,7,1.41,295,2.0,19.85,10
470,1.22,50.8,0,3.55,-4,5.75,87996.15,0,5,1,23.41,1,3,1.51,117,2.01,17.62,3
471,3.76,47.91,0,4.64,-4,6.8,104067.83,1,8,1,20.27,1,5,1.48,379,1.99,17.58,8
472,2.86,48.16,1,5.36,0,4.48,110705.0,1,1,0,22.94,1,2,1.33,347,1.98,14.94,9
473,3.02,51.25,1,6.88,-7,6.29,88251.34,0,10,0,20.72,1,9,1.71,146,2.03,15.53,3
474,2.73,42.98,1,3.87,-9,4.49,88254.73,0,5,1,25.71,0,9,1.34,363,2.04,14.84,3
475,1.29,41.53,1,5.14,-3,5.83,108675.27,1,10,0,23.89,1,1,1.58,169,2.01,16.07,9
476,3.52,58.8,0,5.42,-1,6.04,85400.74,1,2,1,23.69,1,8,1.54,22,2.0,19.36,3
477,2.73,50.65,1,6.01,-3,6.15,101598.1,0,5,0,23.7,1,6,1.55,245,1.98,12.52,7
478,3.91,51.26,1,4.14,-10,5.71,81355.91,0,7,0,27.01,0,2,1.44,244,2.01,16.31,1
479,1.01,64.61,0,3.68,-1,5.79,86880.62,1,9,1,24.2,1,8,1.54,87,2.0,15.11,3
480,3.07,40.68,0,4.29,0,4.45,99447.29,0,5,1,26.68,0,5,1.53,110,1.98,17.28,6
481,2.31,44.95,0,3.93,-4,4.29,102854.91,0,8,1,25.39,0,8,1.58,19,1.99,15.77,7
482,3.21,49.39,0,4.6,-4,4.14,111069.59,0,2,0,25.36,1,9,1.52,196,1.98,12.92,9
483,4.12,46.61,0,5.38,-9,4.41,100078.23,0,1,1,24.09,1,1,1.36,188,2.01,14.61,6
484,3.58,45.04,0,4.42,-8,4.92,88300.19,1,5,1,27.34,0,5,1.58,67,1.99,11.07,3
485,3.45,45.04,0,3.83,-2,6.21,104169.59,0,9,0,22.87,1,5,1.54,252,1.98,16.71,8
486,2.41,50.01,1,4.66,-1,5.33,97983.49,1,9,1,22.17,1,7,1.6,302,1.99,15.09,5
487,3.45,51.78,1,5.76,-2,5.0,109307.12,0,7,1,20.76,1,5,1.56,277,1.96,14.45,9
488,1.87,52.4,1,4.79,-3,3.97,104327.49,0,7,0,24.74,0,1,1.58,40,1.99,14.43,8
489,3.68,56.74,0,4.54,-9,6.37,104287.15,1,7,1,21.36,1,9,1.46,339,1.98,12.77,8
490,2.97,47.21,0,5.03,0,5.99,100314.01,1,4,1,19.44,0,1,1.65,144,1.98,11.06,6
491,2.71,47.02,1,4.14,-1,3.95,119728.67,1,0,1,21.56,0,1,1.59,346,1.96,19.5,10
492,3.56,44.84,1,5.26,-3,5.47,119937.22,1,4,0,22.0,1,7,1.61,95,2.02,14.82,10
493,3.07,51.71,0,3.94,-6,3.62,96361.97,0,4,1,17.86,0,8,1.55,65,1.98,16.32,5
494,4.34,52.97,0,4.47,-4,4.83,92030.26,1,3,1,21.29,1,7,1.43,160,2.02,13.68,4
495,1.86,54.95,0,4.53,-7,4.44,115044.9,1,1,0,21.51,0,1,1.52,180,2.01,13.19,10
496,2.11,46.97,0,5.81,-2,5.35,122365.98,0,6,0,23.44,1,4,1.48,289,2.01,14.83,10
497,3.88,45.98,0,4.87,-4,4.73,101975.9,0,8,0,21.5,1,6,1.47,146,2.01,15.64,7
498,2.86,47.63,0,5.42,-6,5.11,117155.26,0,10,1,21.81,1,6,1.48,307,2.03,15.35,10
499,2.94,45.46,0,5.53,-2,5.52,105310.07,0,4,1,24.15,0,3,1.57,239,2.0,19.21,8
500,1.58,43.23,1,4.24,-5,4.23,77142.3,1,0,0,21.67,0,1,1.5,289,1.97,15.5,1
501,3.98,52.91,0,5.06,-8,4.61,95057.14,1,2,0,21.16,1,8,1.4,185,2.0,16.35,4
502,3.45,55.75,0,5.11,-3,5.63,103431.59,0,5,0,25.29,1,6,1.54,99,2.0,13.48,7
503,3.92,52.96,1,5.1,-8,4.57,119165.45,0,5,0,26.0,1,8,1.32,244,2.01,15.37,10
504,4.92,50.3,1,3.94,-3,3.48,101483.58,0,6,1,22.15,0,3,1.62,112,2.01,13.18,7
505,2.48,44.21,1,5.86,-6,5.92,94758.27,1,7,1,27.3,0,3,1.53,70,2.02,12.78,4
506,2.38,43.24,1,6.26,-5,5.62,99378.69,0,6,0,25.55,1,7,1.55,120,1.98,17.6,6
507,2.34,42.54,1,6.0,-1,7.2,86440.55,0,6,1,21.79,1,2,1.23,322,1.97,15.51,3
508,3.22,47.86,0,5.25,-5,4.7,102413.02,0,4,0,26.19,0,5,1.44,54,1.97,11.18,7
509,1.76,50.93,0,5.13,0,3.31,109432.28,1,1,1,22.75,1,3,1.45,28,1.97,11.47,9
510,2.95,49.54,1,2.94,-8,4.51,94307.51,0,10,0,31.25,1,5,1.48,335,2.03,14.49,4
511,2.65,41.0,0,5.36,-2,3.96,103234.19,1,9,1,23.32,0,6,1.56,171,1.99,14.06,7
512,3.36,47.52,0,5.27,-2,4.61,94613.76,1,1,0,21.87,1,5,1.62,189,2.01,14.8,4
513,2.94,57.65,0,5.23,-1,5.66,113991.81,1,4,0,26.0,0,6,1.65,259,2.01,11.49,10
514,4.28,52.79,1,4.87,-10,3.36,88935.48,0,7,1,20.11,0,2,1.33,25,2.0,12.54,3
515,3.04,48.0,1,4.35,-2,3.97,91626.37,1,3,0,22.52,1,7,1.65,235,2.0,10.85,3
516,2.72,53.9,0,5.72,-9,4.34,95836.48,0,5,1,24.95,0,7,1.44,37,2.0,15.69,5
517,2.3,48.43,0,5.91,-3,7.37,95265.75,0,3,1,22.19,0,1,1.52,41,2.01,15.14,5
518,2.52,55.33,1,5.48,-6,5.52,94128.04,1,6,0,23.92,0,8,1.59,125,1.98,18.74,4
519,2.61,57.68,1,3.67,-6,4.33,95125.1,0,5,1,20.78,1,5,1.29,216,1.98,18.19,4
520,4.26,58.82,0,3.68,-10,3.54,99483.36,0,1,1,20.57,0,3,1.58,343,1.99,11.11,6
521,3.17,49.9,1,6.34,-2,5.75,108273.83,1,4,0,24.67,0,2,1.48,153,2.01,16.1,9
522,3.47,53.38,0,3.67,-10,4.3,91171.41,0,0,1,21.36,0,7,1.49,150,2.0,12.03,3
523,1.79,57.85,1,5.12,-9,5.54,109299.62,1,1,0,25.97,0,8,1.56,36,2.01,19.64,9
524,2.0,50.65,1,5.82,-10,5.32,98612.68,1,10,1,23.52,1,7,1.41,21,1.98,15.68,6
525,2.94,51.68,0,4.42,-8,4.6,88468.42,0,1,1,23.56,0,5,1.75,352,1.99,14.04,3
526,3.92,55.35,1,5.77,-2,5.05,109356.05,0,8,0,23.69,0,1,1.56,57,2.03,8.46,9
527,1.62,56.43,0,3.87,-10,4.64,97334.68,1,5,1,23.9,0,6,1.59,145,2.01,18.13,5
528,1.92,53.7,0,5.71,-9,4.14,108996.1,1,10,0,24.74,1,9,1.4,73,2.01,12.34,9
529,3.29,44.83,0,5.48,-4,6.2,73983.48,0,1,0,21.99,1,9,1.52,99,2.01,13.88,1
530,3.98,54.1,1,4.24,-3,4.53,88557.0,1,8,0,20.47,1,2,1.62,301,1.97,14.66,3
531,2.98,60.58,0,6.29,-5,4.44,105652.23,0,10,1,22.35,1,9,1.53,284,2.0,10.82,8
532,1.96,46.68,0,5.81,-3,5.79,104786.14,0,7,1,24.07,1,3,1.41,162,2.0,13.97,8
533,3.01,49.04,1,6.13,-4,4.59,123312.64,0,7,0,20.79,0,3,1.48,319,2.01,11.76,10
534,1.91,47.18,0,4.52,-7,4.15,87479.53,0,5,0,23.22,0,2,1.45,78,2.01,10.29,3
535,2.36,48.96,0,5.59,-8,3.75,98696.65,0,3,1,23.14,0,1,1.45,267,2.01,16.92,6
536,3.37,48.48,0,5.23,-7,4.45,97437.04,0,4,1,25.84,1,9,1.37,317,2.02,15.89,5
537,3.54,48.56,1,3.88,0,4.64,93871.23,1,8,0,29.69,0,7,1.5,31,1.99,16.56,4
538,2.18,44.19,1,3.85,-7,5.69,109776.58,0,8,1,23.71,0,4,1.52,78,2.0,16.14,9
539,2.71,55.12,0,5.01,-1,4.83,82403.55,1,10,0,20.98,0,7,1.52,163,2.0,14.68,3
540,3.42,44.84,0,4.08,-3,4.06,90458.38,1,6,0,21.44,0,1,1.63,120,1.98,13.71,3
541,1.87,55.51,1,4.84,-4,5.71,102111.64,1,3,0,23.79,1,4,1.37,42,1.98,14.75,7
542,4.22,45.34,1,4.78,-6,5.3,96158.44,1,6,0,23.02,0,2,1.61,154,2.0,16.65,5
543,3.38,57.55,0,5.1,-6,4.93,98268.29,0,1,0,21.38,0,2,1.39,60,1.99,12.55,5
544,3.8,52.54,0,5.01,-4,5.59,89757.06,0,7,0,17.38,0,5,1.5,179,2.01,14.02,3
545,2.09,53.74,1,3.63,-1,5.92,98775.22,1,2,1,25.66,1,9,1.35,306,1.96,15.18,6
546,1.93,54.53,1,5.8,-4,2.6,99004.93,0,0,1,23.69,1,8,1.42,166,1.99,16.61,6
547,4.58,47.55,1,3.53,-7,7.33,90052.0,0,5,1,22.94,1,9,1.51,187,2.0,15.02,3
548,2.17,49.31,1,4.94,-9,6.02,79515.45,0,10,1,21.64,1,8,1.4,400,1.99,18.21,1
549,5.35,49.16,0,4.09,-1,5.92,97010.93,1,10,0,24.86,0,1,1.43,21,1.95,14.7,5
550,2.34,53.29,1,7.09,-10,4.65,103977.41,1,1,1,23.66,1,7,1.37,329,1.97,13.16,8
551,1.46,45.91,1,6.31,-7,6.44,111305.68,1,4,1,20.96,0,3,1.58,12,2.0,17.71,9
552,3.61,47.36,1,4.43,0,5.3,102351.89,1,7,0,21.25,1,7,1.39,60,1.96,12.67,7
553,2.65,45.64,0,4.03,-2,4.93,100437.77,0,9,0,20.52,1,5,1.34,358,1.96,16.21,6
554,1.66,59.39,1,4.4,-2,6.26,112491.19,0,6,0,20.68,1,2,1.53,288,2.01,15.06,10
555,3.39,49.69,0,4.69,-1,5.61,84586.96,0,1,0,26.95,1,1,1.5,29,2.01,13.86,3
556,3.77,45.58,0,3.93,-8,4.67,85023.08,1,7,0,24.87,1,3,1.56,378,1.99,14.25,3
557,1.66,50.7,0,4.06,-6,4.13,91537.41,0,1,0,15.44,0,1,1.61,158,1.99,14.36,3
558,2.69,47.89,1,5.77,-1,4.82,108012.4,0,4,0,27.85,1,2,1.67,272,2.03,16.83,8
559,2.81,56.36,1,5.58,-1,6.23,92647.64,1,5,0,25.39,0,2,1.74,270,1.97,6.97,4
560,2.7,48.5,0,6.67,-4,5.59,120374.45,0,10,0,23.15,0,6,1.36,304,2.0,12.63,10
561,1.97,51.59,0,5.06,0,5.04,91644.33,0,5,0,23.07,1,2,1.4,23,1.96,16.66,3
562,2.43,48.19,0,5.9,0,5.85,103423.04,0,6,0,20.82,1,4,1.39,232,1.98,14.4,7
563,2.89,48.1,1,3.56,-8,4.38,119869.19,0,7,1,24.78,0,1,1.37,18,2.0,11.78,10
564,3.25,56.86,0,4.68,-6,4.79,102634.34,1,9,1,24.05,1,6,1.4,240,2.01,10.8,7
565,3.29,36.08,1,3.98,-10,5.42,100264.95,1,7,1,19.89,1,2,1.53,75,1.98,19.12,6
566,4.0,46.42,0,5.53,-7,4.73,118169.06,1,0,0,25.73,0,5,1.52,203,1.99,15.91,10
567,1.99,47.41,0,5.0,-5,6.71,77631.93,1,1,0,22.25,1,2,1.32,389,2.0,16.18,1
568,2.78,39.97,1,4.7,-1,6.54,110005.25,0,0,0,24.15,0,2,1.44,231,2.02,15.94,9
569,3.2,50.08,0,5.13,0,5.19,112061.16,1,0,0,23.39,0,5,1.41,342,1.99,16.29,9
570,3.91,48.49,1,6.12,-9,3.51,108873.37,1,10,0,26.97,1,6,1.49,320,2.0,16.42,9
571,1.71,49.89,1,3.99,-8,5.2,101086.09,1,9,0,21.57,1,9,1.55,86,2.02,11.38,7
572,2.52,46.07,0,3.75,-1,4.64,103098.75,1,4,1,20.35,1,4,1.54,304,2.0,15.66,7
573,2.85,51.67,1,5.83,-7,5.67,94502.59,1,5,0,26.01,0,1,1.5,302,1.98,14.84,4
574,5.74,47.56,1,5.09,-7,5.73,109681.56,1,0,1,20.19,1,7,1.39,240,2.0,16.49,9
575,4.28,43.41,0,4.49,-1,5.21,103374.18,0,10,1,25.4,1,8,1.41,356,2.0,14.68,7
576,2.45,47.17,0,5.97,-9,4.79,81918.99,1,6,0,24.53,0,7,1.57,66,2.02,11.73,3
577,3.74,48.48,1,5.59,-5,3.11,103952.29,1,0,0,27.1,0,4,1.6,81,2.02,16.06,8
578,3.22,48.87,1,4.45,0,3.84,100601.81,0,3,1,20.23,1,7,1.48,286,2.0,21.32,6
579,4.24,45.48,1,6.25,-10,4.66,95017.94,1,8,1,22.25,0,7,1.6,89,1.98,17.25,4
580,2.65,51.48,1,5.74,-1,6.94,95666.54,1,6,0,21.42,1,6,1.45,395,1.97,16.24,5
581,2.71,50.25,1,5.65,-5,6.99,110196.14,1,9,0,27.14,1,9,1.59,170,2.03,11.77,9
582,3.32,55.12,1,3.35,-6,5.64,117082.17,0,6,0,27.54,0,2,1.56,100,1.99,18.86,10
583,3.18,53.58,0,5.0,-6,4.57,95065.93,0,2,1,18.6,1,9,1.31,45,2.03,16.49,4
584,3.29,58.02,1,5.64,-6,5.63,90088.55,0,4,0,25.65,0,8,1.58,280,2.0,16.52,3
585,2.36,48.75,0,6.14,0,4.33,87420.99,1,0,0,23.75,0,2,1.56,80,2.04,15.26,3
586,4.16,40.07,1,7.19,-5,4.73,102877.09,1,1,0,20.27,0,8,1.49,82,2.0,16.71,7
587,1.8,53.23,0,5.02,-5,4.82,96973.22,1,9,1,23.65,0,2,1.62,314,2.0,16.56,5
588,4.11,42.86,0,3.64,-6,5.51,103038.97,1,3,1,24.21,1,5,1.58,130,1.98,13.39,7
589,2.6,49.04,1,5.87,0,4.4,105000.01,1,6,0,18.55,0,6,1.47,221,2.0,14.18,8
590,3.88,52.12,0,4.44,-2,6.01,103172.74,1,4,1,25.34,1,4,1.36,382,1.99,14.75,7
591,1.91,54.8,0,4.13,-8,4.33,105273.7,1,5,0,21.42,1,4,1.52,215,2.04,17.28,8
592,2.74,55.54,0,7.61,-6,4.42,103382.65,1,6,0,24.6,0,1,1.54,148,2.01,15.54,7
593,3.74,46.74,1,6.17,-9,6.62,112975.6,0,6,1,23.39,0,8,1.46,37,1.99,11.88,10
594,3.61,47.79,1,6.45,-2,5.93,102172.83,0,6,1,21.96,1,1,1.63,97,2.0,9.15,7
595,3.92,49.59,1,4.04,-3,3.99,114378.29,1,2,1,22.17,0,4,1.61,169,1.99,13.87,10
596,3.1,48.26,1,4.29,-7,6.43,79204.53,1,10,1,26.5,0,1,1.45,79,2.0,14.74,1
597,2.94,47.27,0,5.57,-4,4.59,95299.46,1,2,1,22.63,1,7,1.61,215,2.01,15.27,5
598,2.23,50.41,0,5.34,-9,5.5,97215.64,0,10,0,17.87,1,8,1.54,262,1.97,15.42,5
599,2.77,51.8,0,5.12,-1,4.69,101538.07,0,5,0,26.71,0,7,1.59,208,2.01,16.13,7
600,5.49,61.46,0,5.2,-3,5.48,99985.15,1,8,0,25.17,0,8,1.4,184,2.02,16.76,6
601,3.34,50.6,0,6.13,-1,4.96,97578.36,1,7,0,20.06,1,1,1.33,100,1.96,15.36,5
602,3.31,44.15,0,3.7,-9,5.68,101798.57,1,2,1,22.51,0,9,1.34,243,2.01,14.3,7
603,3.39,53.61,1,4.55,-6,3.76,112818.01,1,10,0,25.79,0,6,1.61,183,2.03,15.31,10
604,2.42,50.99,0,5.1,-4,4.68,107665.51,1,3,0,25.05,0,5,1.59,330,1.98,12.48,8
605,2.75,54.63,0,3.8,-4,4.96,96019.88,1,4,1,27.86,0,3,1.23,348,2.04,10.79,5
606,2.12,53.62,1,3.96,-1,3.8,90220.04,1,2,1,23.29,1,1,1.53,228,2.0,12.6,3
607,2.77,51.02,1,5.31,-9,3.99,90844.19,0,4,0,20.47,0,9,1.55,358,2.02,13.83,3
608,3.29,55.15,1,5.94,-9,4.7,99492.69,0,0,0,25.71,0,4,1.46,335,2.01,17.77,6
609,3.72,58.65,0,6.12,-10,4.03,95171.48,0,9,0,16.13,1,3,1.56,355,2.06,17.13,5
610,3.07,43.97,0,5.2,-5,6.14,76499.42,0,0,0,23.28,0,9,1.65,158,2.01,13.03,1
611,2.35,50.22,0,5.83,0,3.96,77740.63,0,6,0,25.54,0,7,1.52,13,2.01,13.68,1
612,2.69,38.93,0,6.24,0,5.7,107192.88,1,8,1,18.65,1,6,1.47,367,2.03,13.12,8
613,2.76,48.4,1,5.93,-8,4.41,89020.94,0,10,1,21.82,0,3,1.7,43,1.99,21.92,3
614,3.94,52.93,1,4.33,-4,5.78,111275.46,0,3,1,25.14,0,8,1.44,113,1.99,13.39,9
615,3.03,47.15,1,3.07,-8,5.59,115290.46,0,6,0,20.62,1,4,1.44,189,2.01,13.29,10
616,1.84,49.03,1,6.52,0,5.58,95488.75,0,7,1,26.28,0,4,1.47,120,1.98,18.09,5
617,3.12,48.75,0,4.65,-8,7.45,100932.9,0,6,1,26.65,1,6,1.59,356,2.06,15.78,6
618,3.83,51.69,0,3.55,-10,5.66,82961.77,0,5,0,21.32,0,5,1.53,289,2.01,21.82,3
619,2.52,59.07,1,4.92,-3,5.49,97917.52,1,7,0,24.62,0,5,1.5,58,2.0,15.63,5
620,3.77,45.75,0,5.04,-3,5.19,88245.18,1,6,1,23.58,1,6,1.42,177,2.0,13.72,3
621,2.07,48.64,0,5.66,-9,4.14,109269.41,0,6,0,18.24,1,7,1.44,263,2.02,13.33,9
622,2.94,51.6,1,5.03,-4,6.01,94303.83,0,10,0,25.99,1,4,1.51,54,1.95,17.14,4
623,3.1,52.27,1,4.43,-2,4.86,94032.27,1,6,1,22.51,0,7,1.68,163,2.0,17.29,4
624,2.73,51.7,1,5.05,-7,5.92,106212.48,0,8,1,21.76,1,8,1.51,356,1.99,12.87,8
625,3.63,42.85,0,3.93,-8,3.71,87361.37,1,7,1,21.04,0,6,1.44,156,2.02,15.68,3
626,3.14,43.49,0,5.1,-4,4.86,79501.2,1,2,1,23.67,0,8,1.53,358,1.99,14.82,1
627,2.67,51.35,1,4.11,-9,3.69,99264.21,0,8,0,24.21,1,9,1.68,29,1.99,15.69,6
628,2.6,46.5,1,4.89,-5,5.94,89207.25,1,7,0,22.93,1,9,1.47,223,1.99,15.65,3
629,3.12,42.13,0,6.71,-7,5.51,72824.47,1,5,1,20.72,1,4,1.42,283,2.01,14.37,1
630,3.79,52.65,0,5.14,-6,4.62,105136.78,0,1,0,24.9,0,5,1.35,166,1.99,18.94,8
631,3.58,54.41,0,5.02,-1,6.32,79950.31,0,8,1,22.79,0,8,1.38,290,2.01,16.4,1
632,2.29,50.71,0,3.8,-8,5.93,95483.09,0,7,0,21.77,0,4,1.45,99,2.01,12.97,5
633,3.07,49.44,1,3.16,-2,5.64,93258.19,1,9,1,23.47,1,5,1.57,297,2.0,13.41,4
634,2.72,42.41,1,4.77,-4,3.25,101216.22,0,2,1,25.33,0,8,1.41,285,2.03,10.81,7
635,3.34,45.23,1,2.79,-5,4.6,106263.52,1,10,1,16.83,0,4,1.38,212,1.98,11.13,8
636,1.96,47.72,1,4.67,-9,4.52,100443.49,0,0,0,22.16,1,7,1.47,301,1.97,10.31,6
637,2.88,53.06,1,3.56,-6,6.51,85780.37,0,5,0,23.89,1,1,1.53,356,2.0,14.43,3
638,2.14,61.9,1,6.74,-8,4.42,97131.24,1,10,1,21.44,0,9,1.53,290,2.01,13.18,5
639,2.7,53.8,0,4.93,-6,4.62,103727.81,1,10,1,23.21,1,2,1.36,338,1.99,14.99,7
640,1.99,49.43,0,4.86,-5,6.08,107398.13,0,6,0,24.1,0,6,1.42,398,2.01,13.35,8
641,2.39,53.09,1,5.75,-7,4.69,95894.99,0,8,1,20.85,1,6,1.45,37,2.01,13.21,5
642,2.01,55.9,1,4.79,-4,4.82,100569.72,1,5,0,21.62,0,7,1.47,34,2.03,14.16,6
643,3.23,46.91,1,5.47,-1,4.98,96658.88,1,0,0,19.73,1,6,1.5,398,1.98,17.73,5
644,2.59,43.48,1,4.3,-9,4.78,98839.2,1,0,1,17.69,1,3,1.56,341,1.99,14.19,6
645,2.56,55.28,0,4.89,-9,3.16,101135.82,1,2,0,25.34,0,6,1.52,333,1.99,18.99,7
646,3.73,49.52,0,4.13,-10,5.07,106056.84,0,3,0,20.7,0,5,1.47,29,2.0,17.23,8
647,1.79,58.45,1,4.41,-4,8.34,87709.97,1,6,1,23.13,1,3,1.31,206,2.0,19.1,3
648,2.48,42.45,1,4.13,0,4.12,102729.75,1,2,1,22.47,1,6,1.49,15,2.01,18.55,7
649,2.81,48.81,1,3.71,-2,6.92,103793.52,1,2,0,24.83,0,2,1.6,332,1.99,16.74,7
650,3.24,50.68,1,4.8,-7,5.34,105772.55,0,0,1,24.75,1,4,1.27,333,2.02,16.86,8
651,1.7,53.37,0,4.78,-8,6.88,112077.26,0,10,0,22.52,1,2,1.51,361,1.99,13.44,9
652,2.88,42.91,1,3.94,-10,5.97,102630.88,0,2,1,25.31,1,4,1.39,276,1.99,16.38,7
653,2.13,52.37,1,5.79,-4,5.84,110118.2,0,8,1,24.15,0,5,1.59,110,1.96,9.41,9
654,4.2,46.01,1,6.32,-2,4.32,103037.89,0,2,0,22.6,1,8,1.42,312,2.02,20.05,7
655,4.31,48.5,0,4.59,-10,4.52,102019.89,0,6,0,21.1,1,2,1.6,191,2.02,13.77,7
656,1.45,48.99,1,5.04,-1,4.59,81323.34,0,10,0,22.0,1,6,1.38,381,2.0,16.76,3
657,3.05,53.54,1,5.06,-4,5.69,90825.73,1,3,0,21.65,0,6,1.51,135,2.02,14.68,3
658,3.4,59.6,0,5.53,-3,6.07,99483.27,1,2,0,26.54,1,5,1.86,336,2.03,15.44,6
659,2.43,55.23,0,5.33,-6,6.05,86298.99,1,10,1,23.68,1,2,1.41,225,1.98,14.96,3
660,2.57,47.49,0,5.9,-5,4.25,108057.69,0,1,1,22.58,0,3,1.54,349,2.01,10.63,8
661,1.88,58.32,0,5.44,0,4.69,99964.02,0,6,1,17.56,0,9,1.61,138,2.0,13.5,6
662,3.49,42.65,0,5.61,-1,6.58,89119.03,1,10,1,22.29,0,7,1.38,247,1.99,14.03,3
663,3.84,63.28,0,5.59,-6,5.84,103808.41,0,9,0,23.64,1,8,1.69,392,1.99,11.99,7
664,2.45,54.97,0,3.59,-5,5.21,93407.35,1,8,1,17.73,1,3,1.61,175,1.99,13.66,4
665,3.62,43.29,0,5.74,-3,5.33,100971.28,0,7,0,27.02,1,6,1.76,303,2.01,15.71,6
666,2.63,54.45,0,6.36,-4,5.48,92046.75,0,7,0,28.05,0,5,1.4,147,2.0,15.47,4
667,2.2,48.99,1,6.14,-3,5.79,104538.31,1,1,1,19.04,0,9,1.55,249,1.98,17.78,8
668,2.81,46.72,0,3.27,0,5.74,102146.63,0,7,1,22.14,1,2,1.35,215,2.01,14.28,7
669,2.36,46.46,0,6.39,-1,5.04,78958.03,0,6,0,23.28,1,5,1.46,340,2.0,18.04,1
670,3.72,50.06,1,6.37,-7,5.85,93491.17,1,0,1,24.82,0,8,1.74,272,1.98,17.96,4
671,3.13,47.39,1,4.63,-6,6.99,111196.25,1,5,1,26.85,1,6,1.45,99,1.99,11.83,9
672,3.1,53.3,1,3.71,0,5.22,92616.98,0,4,0,23.05,0,1,1.47,180,2.04,11.57,4
673,1.87,55.67,0,5.6,-10,7.6,100642.78,1,6,1,20.87,1,3,1.6,168,2.02,13.67,6
674,2.89,46.21,1,3.51,-3,5.05,98432.08,0,8,1,27.13,0,9,1.66,351,1.99,18.27,6
675,2.09,47.81,1,5.57,-7,4.92,96995.21,1,5,0,18.9,1,8,1.59,210,2.0,13.01,5
676,3.77,51.15,1,5.21,-4,5.68,101523.27,0,0,0,21.66,0,6,1.38,281,1.99,13.27,7
677,3.12,48.48,0,3.7,-4,5.55,114029.66,1,4,1,24.22,0,3,1.51,101,2.01,12.02,10
678,3.52,49.04,1,4.96,-5,4.16,102793.52,1,4,0,23.94,0,9,1.31,367,1.98,13.72,7
679,3.64,43.33,1,5.13,-3,5.48,100100.4,1,0,1,22.03,0,5,1.45,65,2.01,13.85,6
680,2.37,44.71,0,6.85,-2,5.96,106932.83,1,3,1,24.3,0,5,1.67,382,1.96,16.63,8
681,3.4,47.72,0,5.74,-5,4.47,101740.1,0,0,0,22.77,1,6,1.59,262,2.0,15.65,7
682,2.55,55.23,0,4.61,-1,5.07,105579.51,1,2,0,24.41,0,7,1.39,149,2.0,13.45,8
683,3.44,44.61,1,3.91,-6,6.21,108487.4,0,5,0,22.94,0,6,1.48,146,2.0,17.09,9
684,1.97,52.13,1,2.58,-9,6.22,109357.64,1,8,0,21.07,0,6,1.32,72,2.0,14.44,9
685,1.13,53.4,0,6.19,0,4.6,104481.4,1,8,0,22.03,0,6,1.53,358,1.97,15.75,8
686,2.85,50.41,1,4.57,-9,4.78,98107.5,0,3,0,26.97,0,7,1.43,149,2.01,15.53,5
687,2.79,46.64,0,5.09,-10,5.71,105122.28,1,5,1,21.23,0,6,1.6,241,2.02,13.99,8
688,3.11,47.89,1,4.15,-1,5.04,87368.53,1,7,0,24.94,0,8,1.48,173,2.0,13.02,3
689,2.39,50.87,1,3.11,-7,5.48,104525.4,1,7,0,22.37,1,9,1.39,232,1.99,17.83,8
690,2.22,47.47,1,5.27,-3,5.85,105786.7,1,4,1,24.67,0,1,1.38,298,2.02,14.47,8
691,3.06,55.21,1,4.59,-1,5.23,103078.65,1,7,1,26.64,1,1,1.48,104,2.01,13.9,7
692,3.86,45.27,1,5.07,-6,3.91,89863.15,0,1,0,21.6,0,5,1.38,89,1.98,13.09,3
693,4.06,46.15,0,6.71,0,4.43,95234.83,0,2,1,24.69,1,1,1.54,89,2.03,14.45,4
694,2.9,53.14,1,3.9,-7,4.33,100254.48,0,3,1,18.27,0,1,1.55,132,1.97,10.78,6
695,2.03,56.47,0,5.1,-4,5.34,101384.75,0,6,0,19.17,1,3,1.73,72,1.98,13.77,7
696,3.03,44.54,1,5.4,-2,4.4,120410.02,1,2,1,24.47,0,9,1.46,195,2.02,16.29,10
697,2.56,53.69,0,6.84,-7,5.08,96729.4,0,9,1,20.83,0,3,1.59,281,2.01,15.67,5
698,3.89,43.16,1,5.42,-3,5.33,106745.5,1,6,1,24.85,1,2,1.42,52,2.01,13.63,8
699,3.19,49.39,1,5.49,-5,4.85,129823.03,0,2,1,25.24,0,7,1.41,73,1.99,13.91,10
700,3.9,52.95,0,4.44,-9,3.59,93853.08,0,6,0,21.05,0,1,1.54,227,2.0,13.17,4
701,3.48,53.05,0,6.15,-1,3.74,91874.09,1,1,0,20.93,0,9,1.41,195,1.99,17.63,4
702,3.88,47.18,1,5.28,-2,1.59,107003.79,0,9,1,23.14,1,2,1.5,361,2.02,15.09,8
703,3.86,51.73,0,4.35,-9,4.28,118938.71,0,0,0,25.33,1,5,1.69,309,1.99,16.39,10
704,3.16,42.82,1,5.31,-1,5.63,94495.19,0,5,0,20.06,0,2,1.33,197,2.0,15.87,4
705,3.44,54.09,1,5.69,-4,5.12,92034.01,0,9,1,22.74,1,8,1.55,102,1.96,16.35,4
706,2.36,46.84,1,4.59,0,5.38,96569.96,1,2,0,16.55,0,4,1.38,312,2.0,16.37,5
707,2.6,51.04,0,5.51,-2,5.67,114338.03,0,7,1,19.38,1,3,1.65,85,2.0,7.97,10
708,3.16,49.86,0,5.48,-1,3.64,127277.27,0,4,0,23.21,0,6,1.5,241,2.04,13.55,10
709,1.74,44.04,0,6.58,-2,5.75,113307.51,0,0,1,25.05,0,4,1.22,225,1.98,14.74,10
710,2.59,55.42,0,4.2,-8,4.64,97373.07,1,8,0,24.6,0,8,1.52,293,2.02,15.01,5
711,2.16,46.99,0,4.74,-9,4.44,90187.32,0,6,0,22.41,0,3,1.46,29,2.01,14.05,3
712,3.93,46.05,1,5.6,-6,5.44,120346.96,1,1,0,20.7,1,7,1.26,288,2.0,16.55,10
713,1.91,54.57,1,4.97,-1,4.63,111974.97,0,8,1,23.62,1,8,1.48,316,1.97,11.95,9
714,3.12,49.69,1,4.13,-10,4.68,95539.58,0,10,0,27.38,0,3,1.43,305,2.01,16.65,5
715,1.74,53.04,0,4.25,-2,3.97,104102.17,0,3,1,23.1,0,5,1.67,87,1.95,9.46,8
716,4.65,49.64,1,5.18,-2,5.76,108016.51,0,4,0,19.03,1,4,1.48,271,2.0,13.48,8
717,2.57,53.2,0,5.01,-3,5.07,87195.73,0,3,1,24.11,0,8,1.54,329,1.98,11.81,3
718,3.62,53.45,0,5.23,-4,5.82,94028.01,1,5,1,23.69,0,1,1.48,251,1.97,16.43,4
719,4.04,53.59,0,4.6,-4,5.01,92324.84,0,0,0,22.06,0,3,1.55,210,2.01,13.04,4
720,1.7,54.14,1,4.3,-8,4.47,107952.74,0,5,1,22.69,0,3,1.6,232,2.01,16.18,8
721,3.15,52.88,1,6.95,-9,5.21,86516.75,1,7,1,22.98,0,4,1.35,324,1.99,14.91,3
722,2.55,48.8,1,3.71,-1,6.43,97979.31,0,7,1,28.18,1,2,1.57,247,1.99,14.46,5
723,2.65,49.54,0,3.53,-7,4.33,104747.74,1,3,0,26.5,0,2,1.35,198,1.97,16.48,8
724,2.76,49.2,1,3.92,-8,2.66,97905.52,0,0,0,26.88,1,5,1.59,319,1.99,15.39,5
725,4.89,41.13,0,4.57,-2,3.79,98324.41,1,6,1,21.2,0,6,1.63,358,1.97,12.43,5
726,2.54,45.95,1,2.92,-9,7.0,93868.68,0,0,1,23.42,0,8,1.46,317,2.01,14.91,4
727,2.76,50.62,0,2.9,-3,5.64,101670.27,1,2,0,23.43,1,5,1.51,160,2.02,11.23,7
728,3.83,54.65,1,4.74,-1,6.17,106975.9,1,5,1,23.8,1,4,1.42,142,1.98,14.54,8
729,4.06,55.67,1,7.97,-6,3.69,109362.12,1,8,0,23.93,1,9,1.57,246,2.0,13.76,9
730,5.1,49.45,0,4.22,-6,3.64,104690.32,1,2,0,23.41,1,4,1.74,189,2.02,12.43,8
731,3.99,52.57,1,4.41,-10,5.65,80984.79,0,4,0,22.71,1,1,1.46,275,1.99,13.2,1
732,2.49,45.51,1,5.94,-7,5.03,85782.02,0,2,1,25.7,1,5,1.51,208,1.98,15.53,3
733,3.17,43.11,0,3.33,0,6.9,96197.43,1,7,0,23.58,1,2,1.45,227,2.0,15.15,5
734,4.04,52.75,0,3.21,-5,4.25,107903.92,0,8,0,28.27,1,8,1.77,367,2.01,10.62,8
735,2.34,50.82,0,5.84,-10,5.34,101899.83,1,8,1,25.07,1,4,1.46,321,2.0,17.24,7
736,3.43,41.28,0,6.76,-4,4.43,124932.67,1,9,0,20.55,0,1,1.57,261,1.99,14.32,10
737,3.76,45.81,1,5.55,-6,6.84,84710.11,1,9,0,19.51,1,4,1.51,69,1.95,14.06,3
738,4.42,50.69,1,4.4,-7,4.43,97525.84,0,8,1,23.67,1,9,1.6,115,2.02,15.07,5
739,2.36,45.92,1,6.1,-6,2.44,109182.16,1,9,0,24.67,1,7,1.55,121,2.0,13.65,9
740,4.25,49.22,0,4.68,0,6.16,97436.24,0,8,0,20.82,1,7,1.36,296,2.01,17.95,5
741,1.26,44.15,0,5.79,-2,4.3,105565.02,1,7,1,23.76,1,6,1.55,71,2.02,13.23,8
742,3.28,47.8,1,4.12,-4,5.65,99157.39,0,7,1,23.73,0,6,1.4,82,2.03,18.17,6
743,3.74,55.67,1,5.11,-1,5.43,91107.92,1,3,0,24.18,0,5,1.62,99,1.97,13.16,3
744,1.7,52.35,0,5.91,-9,4.2,102675.63,0,5,1,22.2,1,2,1.61,219,2.03,16.8,7
745,3.27,54.05,0,3.68,-9,4.36,119331.04,0,5,1,20.17,0,9,1.6,21,2.0,12.0,10
746,3.36,52.17,0,3.11,-6,5.62,93504.11,0,6,0,23.67,0,6,1.62,152,1.99,16.72,4
747,2.96,51.19,1,3.51,-10,3.37,99512.45,1,0,1,24.09,1,6,1.37,246,1.96,14.26,6
748,3.45,47.58,1,3.61,-2,5.47,105205.91,0,7,1,26.51,0,3,1.34,372,1.98,13.03,8
749,2.59,46.81,1,6.31,-10,4.41,98226.57,1,10,1,19.97,0,2,1.4,340,2.02,15.91,5
750,4.47,49.12,1,3.88,-3,6.19,88766.34,1,6,0,20.53,1,6,1.35,266,1.99,18.5,3
751,2.79,48.0,0,4.44,-10,5.16,100788.02,0,5,0,25.34,1,2,1.57,331,2.03,14.54,6
752,2.45,58.76,0,4.91,-9,6.01,98063.84,0,10,0,24.5,1,1,1.42,396,2.0,16.11,5
753,3.62,50.44,1,6.9,-6,4.95,101991.17,0,1,0,21.68,0,7,1.47,76,2.0,14.11,7
754,3.76,46.67,0,6.18,-6,4.54,104775.59,0,10,1,23.15,0,5,1.64,153,2.01,13.56,8
755,3.23,52.92,0,5.15,-5,4.17,99711.47,0,5,0,23.8,1,7,1.36,24,1.98,15.76,6
756,2.83,47.94,1,3.33,-7,5.01,110055.55,0,2,1,21.28,1,6,1.6,335,1.99,21.93,9
757,2.32,37.9,0,3.8,0,4.37,116312.12,0,5,0,20.55,0,8,1.74,331,1.99,16.61,10
758,3.74,53.12,0,5.31,-1,4.54,75283.74,1,5,0,22.87,0,4,1.6,95,1.97,12.81,1
759,2.52,40.46,0,4.78,-2,5.41,88216.6,0,6,0,25.89,1,6,1.54,317,1.97,17.22,3
760,3.06,46.41,1,6.29,-9,4.16,102093.14,0,2,1,21.02,0,2,1.5,261,1.96,18.53,7
761,3.59,52.53,1,6.43,-1,4.61,103217.91,0,10,0,20.31,1,7,1.42,331,2.0,20.73,7
762,5.51,56.52,1,5.63,-5,7.09,100349.79,0,1,0,24.8,0,6,1.46,23,1.99,16.71,6
763,3.15,57.59,1,4.74,-6,4.43,89361.87,0,8,0,20.91,1,3,1.13,271,1.99,14.03,3
764,2.72,49.23,0,5.07,-10,4.55,96116.13,0,8,0,23.18,1,7,1.62,263,2.02,13.46,5
765,2.56,45.97,0,4.49,-10,5.91,96617.47,1,9,0,17.66,1,9,1.59,29,1.97,16.02,5
766,3.08,46.62,0,6.09,0,3.78,112003.29,1,1,0,18.52,1,2,1.41,129,2.02,17.32,9
767,3.73,57.26,1,5.24,0,3.96,102752.48,0,3,1,29.56,1,7,1.49,324,1.97,11.06,7
768,2.57,40.91,0,4.85,-7,5.14,94036.35,0,5,1,22.58,1,3,1.6,55,1.99,10.9,4
769,5.05,48.93,0,5.01,-9,6.83,109486.81,0,8,0,25.66,0,6,1.44,69,2.0,16.71,9
770,3.39,41.7,0,4.66,-8,4.84,121112.17,0,6,1,25.99,0,9,1.52,104,1.96,15.3,10
771,2.29,47.77,0,4.22,-4,6.05,91763.07,0,1,1,18.31,1,2,1.51,299,1.98,15.25,3
772,2.55,46.6,0,5.79,-8,5.93,101623.77,1,1,0,19.06,1,2,1.58,346,1.99,19.31,7
773,3.04,48.97,1,4.77,-7,5.13,102804.37,0,2,0,23.03,1,1,1.4,89,2.02,10.85,7
774,2.65,51.81,1,4.21,-9,4.45,106727.09,1,3,1,22.47,1,7,1.56,53,2.01,12.43,8
775,3.13,50.54,0,5.96,-5,5.97,122567.14,0,2,1,23.41,0,1,1.61,244,1.99,13.44,10
776,4.46,47.8,0,2.14,-10,3.02,85464.71,0,10,0,24.49,0,3,1.53,352,2.0,15.93,3
777,3.88,44.41,1,5.42,-7,6.73,88975.18,0,3,1,21.13,1,9,1.61,346,2.01,11.29,3
778,3.6,44.0,0,5.82,-10,5.25,92361.57,0,3,1,19.85,0,7,1.71,194,1.98,10.72,4
779,2.6,56.43,0,4.64,-9,5.91,100299.26,1,3,1,22.7,0,6,1.45,116,2.01,15.97,6
780,3.07,56.08,1,5.54,-9,4.67,103173.54,1,10,1,24.11,1,5,1.34,207,2.0,13.09,7
781,1.47,51.3,1,5.34,-4,6.44,99169.79,0,1,0,21.52,1,7,1.56,106,2.0,13.64,6
782,3.32,44.87,0,2.35,-10,3.38,91488.2,1,1,1,22.86,0,7,1.62,270,1.98,13.94,3
783,4.18,48.24,0,4.9,-5,4.31,106169.11,1,0,1,23.01,0,7,1.43,348,2.0,12.58,8
784,3.89,37.26,1,3.92,-9,6.52,97267.35,0,10,0,24.66,1,1,1.44,370,1.99,15.93,5
785,3.76,47.01,0,5.25,0,4.8,81034.03,1,10,1,23.95,1,1,1.44,290,2.0,13.32,1
786,1.86,46.62,0,5.13,0,5.98,109294.7,0,3,0,22.91,0,4,1.76,259,2.05,15.04,9
787,2.31,48.6,0,4.48,-3,4.86,87438.33,0,5,0,19.7,1,8,1.55,392,1.98,19.0,3
788,2.76,50.03,1,3.64,-6,6.02,102607.45,1,5,0,22.03,0,6,1.4,385,1.96,12.13,7
789,2.99,49.35,1,5.85,-4,6.38,97254.68,0,10,1,17.86,0,4,1.59,139,2.01,17.8,5
790,2.92,46.28,1,5.23,-2,6.62,96460.45,1,10,1,25.35,1,2,1.43,15,2.0,13.02,5
791,3.11,49.31,1,4.36,-8,4.18,101069.13,1,7,1,17.78,0,7,1.43,162,2.0,16.87,7
792,3.26,51.13,1,4.15,-6,5.73,113191.82,0,4,0,23.43,0,9,1.68,28,1.99,13.3,10
793,3.23,47.05,1,3.58,-2,6.31,90973.43,0,0,1,22.32,1,3,1.38,63,2.0,14.55,3
794,3.61,45.71,0,5.45,-2,4.64,104355.33,1,4,1,24.82,1,9,1.32,18,2.01,20.56,8
795,4.07,45.18,0,4.41,-10,3.87,91497.0,1,7,1,22.5,0,1,1.52,142,1.99,14.64,3
796,2.42,54.14,0,4.59,-4,5.57,108867.16,0,3,0,28.15,1,1,1.52,51,2.0,13.33,9
797,3.34,53.62,1,6.7,-8,3.63,76016.36,1,4,1,26.7,0,8,1.56,39,2.0,12.99,1
798,3.32,51.64,0,3.06,-1,4.3,97589.34,0,2,1,22.59,0,8,1.52,32,2.0,15.39,5
799,0.68,47.6,1,4.83,-7,4.12,113657.82,0,0,1,25.03,1,7,1.31,34,1.96,16.24,10
800,2.95,44.57,1,3.43,-7,5.3,97527.13,0,6,0,21.6,0,3,1.55,122,1.99,20.36,5
801,2.6,51.4,0,4.13,-1,4.05,93624.47,0,1,1,22.13,0,9,1.58,221,1.99,15.81,4
802,2.23,57.45,0,4.44,-8,4.95,100973.85,1,10,1,21.85,0,4,1.57,61,1.99,12.64,6
803,1.06,38.11,0,5.74,0,4.11,89014.77,0,1,0,20.57,0,5,1.71,274,2.02,20.38,3
804,3.71,40.68,0,4.8,-3,5.54,88389.68,1,4,0,22.64,1,8,1.52,237,2.0,17.44,3
805,2.29,51.74,0,3.86,-7,4.59,92345.96,0,9,1,20.65,1,5,1.49,305,2.01,13.36,4
806,3.56,55.66,0,6.0,-10,4.08,95839.05,0,2,0,18.7,0,4,1.52,316,2.02,16.72,5
807,2.0,47.4,1,5.16,-8,5.68,93829.32,0,9,1,26.0,1,7,1.49,392,1.97,16.98,4
808,3.53,42.53,0,5.41,-10,4.85,118568.98,1,5,0,18.28,0,1,1.57,18,2.01,16.22,10
809,2.61,48.43,1,4.87,-9,5.46,102866.43,1,8,1,22.48,0,3,1.58,155,1.98,14.85,7
810,2.64,46.75,1,4.95,-2,4.36,108377.21,1,5,1,26.15,0,2,1.46,217,1.98,13.89,9
811,3.2,44.15,1,5.68,-8,4.47,84856.14,1,8,0,22.83,1,8,1.55,150,2.01,17.45,3
812,3.36,48.13,1,5.52,0,5.38,92976.87,1,3,1,21.49,1,8,1.43,185,2.0,16.32,4
813,5.12,41.57,1,4.29,-3,5.53,105600.88,0,2,0,23.66,0,5,1.65,203,2.0,18.33,8
814,1.71,47.49,0,4.78,-1,4.33,108741.0,1,10,0,20.15,0,4,1.57,310,2.0,13.76,9
815,2.63,52.78,1,4.25,-10,6.02,116084.6,1,4,1,26.74,1,4,1.58,218,2.04,16.08,10
816,2.05,49.05,1,6.29,-9,4.34,83152.4,1,9,0,23.38,0,8,1.57,79,2.01,16.94,3
817,3.46,40.53,1,5.2,-4,4.75,91920.52,0,7,0,20.89,1,8,1.48,141,2.01,18.0,4
818,4.26,57.17,1,6.42,-6,4.27,104324.93,1,7,0,24.78,0,3,1.55,94,2.0,15.34,8
819,2.83,51.46,0,6.17,-6,6.38,98590.66,0,8,1,22.97,0,4,1.74,388,2.02,12.82,6
820,3.79,56.34,0,4.65,-3,6.05,116634.19,1,0,1,18.89,1,4,1.52,326,2.01,13.31,10
821,2.78,53.98,0,4.88,-6,6.49,88715.99,1,7,0,21.09,1,9,1.49,135,2.03,13.08,3
822,2.66,48.85,0,6.09,-6,5.17,107260.37,0,9,1,24.12,0,1,1.44,331,2.0,17.76,8
823,2.02,49.96,0,5.6,-6,2.16,87384.62,0,0,0,22.0,0,8,1.58,342,1.96,13.4,3
824,4.1,61.11,0,4.47,-2,4.19,94038.49,1,8,0,25.1,1,3,1.42,244,1.98,16.4,4
825,4.91,48.81,1,4.71,-1,5.42,92545.33,1,10,1,21.13,0,5,1.52,185,1.98,18.43,4
826,4.03,50.38,0,3.73,-7,5.76,102093.2,1,4,0,29.26,1,5,1.37,95,1.97,14.63,7
827,2.78,52.94,0,3.25,-7,4.94,102923.99,0,2,1,23.21,0,8,1.65,299,1.96,17.27,7
828,2.93,51.32,0,3.55,-10,3.69,110115.88,0,4,1,29.61,1,2,1.45,126,1.99,10.02,9
829,1.71,53.58,0,5.62,0,6.02,106643.77,1,2,1,23.43,0,8,1.34,344,2.01,18.28,8
830,2.44,40.71,0,6.14,-7,7.53,93189.43,0,8,1,25.52,0,1,1.46,26,1.97,21.19,4
831,1.85,55.13,1,3.3,-8,6.6,109186.82,0,5,0,21.65,0,3,1.49,26,2.01,16.69,9
832,2.05,51.37,1,5.16,-3,3.15,95295.89,1,1,1,21.52,1,2,1.57,164,1.99,9.67,5
833,3.47,57.35,1,5.36,-1,5.93,104180.67,1,0,0,22.19,0,7,1.41,397,2.01,18.3,8
834,4.1,45.81,1,5.41,-7,6.52,81301.19,0,3,1,26.44,1,4,1.38,40,2.02,9.04,1
835,2.7,55.64,0,6.08,-3,5.1,101147.04,1,7,0,22.13,1,8,1.71,332,2.03,15.92,7
836,2.84,56.26,0,4.93,-1,5.7,102276.62,1,3,1,17.41,1,9,1.45,50,1.98,17.54,7
837,3.54,43.87,1,6.22,-4,4.66,119216.72,0,2,0,19.91,1,8,1.6,94,2.03,16.13,10
838,4.24,54.8,1,6.28,-10,4.3,109217.82,1,2,1,26.21,0,6,1.46,226,1.97,13.06,9
839,4.01,51.74,1,4.93,-6,6.48,101850.07,0,0,1,25.36,0,2,1.56,365,2.01,15.99,7
840,2.62,44.47,0,3.17,-9,5.82,92199.28,0,1,1,21.21,0,6,1.6,278,1.97,14.23,4
841,3.63,55.17,0,5.19,-4,4.91,86919.67,0,10,0,24.74,0,2,1.36,108,2.0,15.43,3
842,4.44,50.97,0,5.01,-4,6.17,101029.33,1,2,0,19.81,1,1,1.51,13,1.99,14.32,6
843,2.95,53.83,1,6.23,-5,3.96,102134.72,1,10,0,15.87,0,5,1.39,287,2.02,18.59,7
844,2.89,47.25,0,4.36,-4,4.52,103772.9,0,1,0,21.5,0,1,1.48,170,2.03,16.73,7
845,3.29,52.51,0,3.66,-6,5.18,85886.59,0,4,1,21.96,0,3,1.36,313,2.0,19.59,3
846,3.97,51.62,1,5.86,-4,5.63,102007.72,0,2,1,23.11,1,4,1.58,302,2.03,15.94,7
847,2.72,56.2,0,3.79,-10,5.37,101040.93,1,7,0,25.92,0,1,1.43,339,2.0,13.72,7
848,1.57,45.11,0,4.69,-4,5.68,87054.69,1,1,0,21.88,1,4,1.6,365,2.01,12.58,3
849,2.61,46.67,0,4.8,-3,5.69,109513.62,0,8,1,25.47,1,3,1.47,381,1.97,13.5,9
850,3.66,43.57,0,5.46,-5,4.24,92203.64,0,8,1,24.71,1,6,1.41,60,2.03,15.68,4
851,2.63,52.19,0,4.64,-2,4.38,86636.69,0,6,1,25.58,0,5,1.34,201,2.02,11.62,3
852,4.43,49.85,1,5.14,-7,4.58,99926.64,1,9,0,26.07,1,4,1.56,317,1.98,14.42,6
853,3.17,55.48,1,3.68,-7,5.43,110315.14,0,3,0,20.55,0,3,1.55,83,2.01,13.82,9
854,3.86,50.17,1,4.75,-1,5.09,89579.44,0,8,0,25.8,0,7,1.48,380,1.98,18.06,3
855,2.84,49.31,0,6.55,-6,5.49,96666.24,1,7,1,22.19,1,6,1.49,166,2.02,13.86,5
856,3.93,49.77,1,6.26,-2,3.61,115075.68,1,8,0,24.42,1,1,1.41,329,1.95,12.35,10
857,4.35,42.34,0,3.82,-4,4.65,117647.01,0,0,0,25.36,0,7,1.54,20,1.99,15.72,10
858,2.62,42.08,0,6.44,-3,4.92,85547.9,0,3,1,19.24,0,5,1.47,108,2.0,18.19,3
859,4.27,50.12,0,7.27,-6,4.29,109246.92,0,4,0,22.96,1,5,1.49,272,1.99,13.53,9
860,2.14,47.12,1,6.04,-8,5.14,90243.13,0,3,1,22.23,0,2,1.48,147,2.04,12.38,3
861,1.75,46.63,1,5.36,-2,4.83,90882.76,0,3,0,21.67,1,6,1.53,373,1.99,13.76,3
862,1.85,53.61,0,3.85,-1,5.2,100327.53,0,1,0,22.91,1,3,1.46,79,2.0,13.6,6
863,3.12,50.8,0,4.15,0,5.04,83813.11,1,4,0,22.79,0,5,1.53,16,2.01,13.4,3
864,2.58,51.81,0,5.04,0,5.26,104417.16,1,1,0,20.47,0,7,1.41,73,1.98,14.61,8
865,2.98,48.09,1,6.13,0,6.29,94307.56,0,9,0,24.02,1,6,1.54,48,1.98,20.2,4
866,2.4,51.98,0,6.65,-9,3.26,94170.98,0,3,1,18.56,0,6,1.43,28,2.0,13.83,4
867,3.12,48.22,1,4.05,-6,3.95,91422.76,1,10,1,22.83,1,3,1.57,400,2.02,16.19,3
868,2.45,52.89,0,4.89,-6,5.06,104254.48,0,2,0,20.62,0,8,1.63,290,1.99,15.72,8
869,3.44,48.77,0,3.54,-9,4.06,98499.87,1,5,0,23.98,0,2,1.64,206,2.01,21.14,6
870,2.48,46.82,1,4.45,-1,4.29,95673.16,0,6,1,23.4,1,9,1.38,13,2.01,15.17,5
871,3.22,56.66,1,6.37,-8,4.37,108319.37,1,10,0,19.97,0,5,1.28,67,2.04,13.85,9
872,2.1,51.49,1,5.02,-6,5.24,94954.45,1,5,1,21.79,1,2,1.57,317,1.98,13.66,4
873,2.71,49.51,1,5.43,-1,5.11,113313.56,0,2,0,26.43,1,6,1.54,265,2.0,12.99,10
874,3.59,58.84,0,2.91,-10,3.95,86316.92,0,6,1,20.24,1,8,1.53,381,1.99,18.82,3
875,2.78,47.0,0,5.5,-3,3.76,84721.74,1,6,1,24.08,0,7,1.48,50,2.01,17.71,3
876,2.8,49.4,0,5.9,-7,4.73,124693.08,1,10,0,18.57,1,9,1.54,311,1.98,12.8,10
877,3.2,52.66,0,4.16,-3,5.03,103608.73,1,6,1,22.28,0,6,1.42,184,2.0,13.51,7
878,2.35,49.4,1,5.22,-5,6.48,83739.06,0,5,1,23.12,0,2,1.25,346,2.04,13.5,3
879,3.35,54.37,1,2.87,-6,2.55,106498.56,1,0,0,25.12,0,5,1.56,158,1.99,11.59,8
880,2.44,56.15,0,5.36,-8,3.71,101052.03,0,6,1,19.72,1,6,1.54,268,2.0,12.51,7
881,4.07,52.36,0,3.8,0,4.76,95068.3,0,6,1,21.3,1,6,1.55,95,1.98,15.92,4
882,2.69,48.51,1,5.34,-6,4.73,96139.46,0,2,0,25.13,0,7,1.59,242,2.03,12.02,5
883,2.45,53.39,1,5.93,-9,5.55,96489.85,1,7,1,23.17,1,7,1.36,55,2.02,15.64,5
884,3.98,47.01,1,5.57,-4,4.41,103740.66,0,7,1,25.19,1,9,1.64,297,1.97,15.95,7
885,3.21,46.25,0,5.13,-5,5.7,95802.5,0,10,1,25.12,1,8,1.49,347,1.99,18.21,5
886,4.39,52.07,0,4.76,-9,5.27,89273.29,1,5,0,22.02,0,9,1.38,226,2.01,14.78,3
887,2.26,46.37,1,5.43,-1,5.0,97842.18,1,3,0,25.22,0,2,1.37,188,2.01,16.94,5
888,3.28,56.37,1,6.12,-1,6.44,91081.38,1,10,0,23.51,0,3,1.41,231,2.02,14.33,3
889,3.18,51.35,1,5.15,-7,5.41,108352.97,1,8,0,23.73,0,5,1.56,78,2.02,14.93,9
890,3.06,44.24,1,3.3,-2,3.11,107149.54,1,9,0,20.06,0,1,1.52,330,2.03,13.72,8
891,3.25,47.1,0,5.53,-8,5.86,99555.57,0,0,0,21.18,1,2,1.35,178,2.02,15.96,6
892,3.28,59.73,0,4.45,-5,3.47,97682.53,0,3,1,26.78,0,2,1.53,142,2.04,15.31,5
893,2.97,43.35,0,5.47,-3,4.86,95947.1,1,1,0,23.04,0,4,1.45,300,2.03,12.67,5
894,2.38,52.66,0,5.14,-7,5.71,89994.19,1,1,0,20.38,1,9,1.57,146,1.98,15.27,3
895,3.94,52.75,0,4.97,-7,6.75,108676.24,1,6,0,22.06,0,8,1.64,194,2.02,20.46,9
896,4.98,44.29,1,3.46,-5,4.53,106210.32,1,3,0,27.57,1,3,1.34,31,1.99,15.4,8
897,2.85,44.4,0,4.93,-5,5.94,96973.0,1,8,1,24.24,0,1,1.6,136,2.0,14.87,5
898,2.56,52.77,0,5.25,-5,5.34,106987.3,0,3,0,21.88,1,7,1.65,147,2.01,19.05,8
899,2.95,47.82,1,4.45,-9,5.56,115213.48,0,0,1,22.05,1,5,1.51,56,1.99,14.7,10
900,0.4,51.68,1,4.47,-2,6.76,91500.54,1,10,1,24.36,1,5,1.39,167,1.96,12.53,3
901,2.54,46.78,1,5.26,0,5.47,102726.36,0,5,1,20.95,1,9,1.42,238,2.03,18.19,7
902,3.17,40.42,1,3.37,-2,5.87,113081.69,0,9,0,21.48,0,7,1.45,240,2.0,15.4,10
903,3.21,48.94,1,4.18,-2,3.67,98541.56,0,10,0,24.05,1,9,1.3,224,1.97,16.41,6
904,3.99,48.99,1,4.93,-3,5.89,111989.65,0,1,0,27.37,0,5,1.43,357,1.99,19.53,9
905,3.52,51.07,1,4.62,-4,3.49,98046.94,0,7,0,28.72,0,6,1.48,328,1.99,15.67,5
906,3.61,51.67,0,5.48,0,3.35,113850.25,0,0,1,18.66,0,1,1.54,121,1.99,17.67,10
907,4.02,55.53,1,5.39,-6,6.04,107925.6,0,0,1,24.1,0,9,1.57,10,1.99,16.05,8
908,2.75,53.28,1,5.62,-4,2.67,113503.69,0,10,1,22.93,1,5,1.61,236,2.0,16.91,10
909,2.37,55.3,0,5.82,-4,3.57,115898.39,1,5,0,22.14,1,4,1.47,156,2.05,15.89,10
910,3.26,50.52,0,6.2,-8,6.09,95117.58,0,2,1,23.35,1,1,1.49,267,2.0,15.48,4
911,3.18,55.86,1,4.98,-10,6.1,109594.73,1,0,0,24.47,1,1,1.53,20,2.04,18.56,9
912,2.93,49.83,0,6.24,-8,3.33,108698.4,1,6,0,22.55,1,6,1.46,78,2.0,18.16,9
913,3.46,55.29,0,4.49,-5,5.07,81706.58,1,5,1,24.8,0,3,1.58,85,1.98,15.76,3
914,3.16,52.05,1,5.63,-2,5.96,100582.95,0,10,0,24.25,1,4,1.6,65,2.01,12.93,6
915,3.89,49.55,1,4.36,-8,5.41,99219.5,0,5,1,24.62,0,2,1.53,60,2.01,12.63,6
916,3.2,46.29,0,4.51,-1,6.07,97371.2,1,3,1,22.48,1,6,1.4,298,1.97,18.31,5
917,3.51,44.92,1,3.98,-4,4.25,112648.54,1,1,0,23.85,1,4,1.46,116,2.01,11.28,10
918,3.88,47.11,0,2.63,-2,4.79,80924.5,0,5,0,20.86,1,3,1.57,295,1.99,15.76,1
919,4.68,45.74,0,4.69,-2,5.56,91894.79,0,4,1,23.09,1,6,1.47,349,1.99,15.59,4
920,3.36,49.42,1,3.59,-5,5.66,101008.39,1,9,1,20.86,1,5,1.5,132,1.97,17.97,6
921,3.27,53.53,0,3.31,-3,6.14,77004.94,1,8,1,22.93,0,6,1.29,176,2.05,12.75,1
922,2.27,56.03,1,3.61,-4,5.97,94403.68,1,2,1,21.2,0,5,1.36,100,2.02,15.13,4
923,2.12,49.52,1,6.29,-3,4.57,94731.2,1,10,1,24.63,0,3,1.57,228,2.02,10.15,4
924,2.77,48.84,0,6.06,-8,5.02,100397.09,1,1,0,24.79,1,2,1.51,254,1.99,11.56,6
925,2.36,50.9,1,5.44,-2,3.64,94215.93,0,9,1,20.39,1,1,1.36,286,2.0,15.12,4
926,2.16,49.1,0,4.97,-2,5.0,83328.6,0,5,1,20.16,1,9,1.54,130,2.0,11.24,3
927,3.24,40.07,1,5.27,-3,4.43,90732.15,1,0,0,26.88,1,8,1.6,32,2.0,17.59,3
928,1.69,55.48,1,4.2,-6,4.35,95343.19,1,0,1,23.55,1,9,1.58,381,2.02,14.39,5
929,3.04,56.04,0,4.12,-1,4.2,93242.97,0,2,0,26.79,1,9,1.67,133,2.04,13.44,4
930,2.42,47.61,0,3.9,-9,5.15,111572.83,0,8,1,24.01,1,8,1.5,80,1.95,11.28,9
931,5.3,40.53,0,4.45,-7,4.75,110958.65,1,6,1,22.44,1,4,1.43,13,1.99,18.35,9
932,2.22,41.38,1,2.24,-2,2.87,96805.99,0,0,0,22.28,1,4,1.56,54,1.98,15.11,5
933,3.13,57.32,1,6.63,-2,5.35,103751.45,1,5,1,19.9,1,1,1.47,131,2.04,7.69,7
934,3.63,51.39,1,3.69,0,5.03,98110.51,1,6,1,27.85,1,7,1.49,81,2.01,16.34,5
935,2.76,46.06,0,5.52,-5,6.19,114968.63,1,9,1,22.81,1,9,1.53,271,1.98,14.13,10
936,1.93,55.82,0,5.93,-2,5.31,103313.6,0,10,1,27.11,1,9,1.33,181,2.02,12.77,7
937,4.13,44.51,0,5.75,-1,4.15,89748.2,1,10,0,24.57,0,3,1.82,158,2.0,14.24,3
938,2.35,55.75,1,5.04,-9,5.51,103287.85,1,1,0,24.79,0,1,1.57,162,1.99,13.15,7
939,2.76,54.35,1,4.46,-10,5.06,101613.95,1,0,0,21.63,1,7,1.55,238,2.0,9.6,7
940,2.1,55.77,0,4.69,0,5.06,88500.67,1,2,0,23.98,0,4,1.4,117,2.0,14.19,3
941,2.58,53.78,0,3.27,-8,4.38,96017.11,1,8,0,24.66,1,8,1.43,133,1.98,14.03,5
942,2.79,48.98,0,5.24,0,4.0,102584.18,1,1,0,24.91,0,3,1.54,364,1.98,17.62,7
943,2.14,55.15,1,5.15,-7,5.54,95797.92,1,10,1,22.03,1,7,1.71,311,1.99,13.84,5
944,2.57,47.59,0,5.36,-1,7.81,95074.03,1,9,0,21.53,1,9,1.51,277,2.0,15.36,4
945,4.41,52.58,0,4.38,-3,6.66,103828.72,1,3,0,23.31,0,5,1.5,124,1.99,14.23,7
946,3.09,50.91,1,5.12,0,3.56,102427.87,1,10,0,24.22,0,4,1.47,166,2.01,16.02,7
947,3.09,45.71,1,4.23,-4,4.48,97639.6,1,1,0,20.56,1,6,1.63,124,1.99,13.71,5
948,2.26,47.66,0,4.71,-7,4.08,97254.23,0,4,1,22.74,1,2,1.51,260,2.0,16.28,5
949,1.92,55.0,1,4.81,-1,6.58,110073.88,1,7,1,22.33,1,5,1.52,218,2.01,14.44,9
950,2.08,49.04,1,6.08,-2,4.89,104191.34,0,9,1,23.4,0,3,1.59,127,2.03,12.56,8
951,4.13,55.05,0,7.13,-3,4.88,110594.61,0,4,0,23.0,0,4,1.48,136,2.01,16.85,9
952,3.64,45.41,0,4.77,-3,4.44,79372.74,0,4,1,23.44,0,7,1.55,158,2.0,20.65,1
953,2.12,52.57,0,5.76,-2,4.24,106872.41,0,2,0,23.48,1,7,1.4,324,2.0,12.22,8
954,3.2,45.33,1,6.21,-2,4.39,94153.62,1,5,0,20.3,0,5,1.45,341,2.02,14.69,4
955,3.64,50.11,0,5.71,-7,5.16,98078.18,0,4,1,26.46,1,6,1.65,295,1.98,13.76,5
956,3.3,50.66,1,6.9,-8,4.01,94109.96,0,6,0,19.99,1,5,1.58,202,2.02,17.5,4
957,4.19,50.73,0,4.08,-3,6.19,105259.1,1,2,0,27.34,1,8,1.23,330,2.0,15.29,8
958,2.12,51.61,0,3.28,-5,6.91,105161.2,0,1,0,21.96,1,7,1.55,241,2.0,14.54,8
959,2.09,48.61,1,5.38,-4,3.25,101075.66,0,3,1,24.1,1,3,1.5,368,2.0,16.77,7
960,2.91,42.47,1,5.56,-1,5.14,81186.33,0,7,1,24.36,0,1,1.5,369,1.98,13.9,1
961,2.71,51.79,0,4.58,-10,6.97,106491.79,0,9,0,22.2,0,5,1.62,127,1.98,16.42,8
962,3.74,53.31,1,5.56,-2,6.33,105821.77,1,7,1,22.6,0,9,1.58,156,2.0,16.11,8
963,2.2,52.19,0,5.63,-2,5.38,101783.92,1,10,0,21.36,1,3,1.46,322,1.97,11.2,7
964,3.33,47.07,0,5.3,0,4.25,114129.5,0,9,0,23.15,0,3,1.62,357,1.99,15.15,10
965,2.94,53.08,0,5.5,-8,4.37,93051.68,1,10,0,23.84,1,8,1.46,221,2.07,12.7,4
966,3.15,52.7,1,4.71,-10,5.6,114805.37,0,0,0,23.65,0,8,1.47,399,2.01,19.62,10
967,3.61,50.27,0,5.68,-2,4.67,110374.37,0,10,1,24.27,0,1,1.43,181,2.0,14.7,9
968,3.82,46.42,0,5.3,-10,6.35,88286.52,1,0,1,27.53,1,7,1.5,40,1.98,12.3,3
969,3.93,51.92,1,4.57,-9,5.29,102175.9,1,8,0,25.94,0,6,1.61,282,2.03,16.02,7
970,2.14,50.72,0,5.03,-1,6.58,88682.92,0,10,0,23.53,0,2,1.4,296,2.02,19.6,3
971,4.8,54.09,0,4.22,0,6.02,104050.01,1,1,1,22.17,0,7,1.56,306,2.01,13.68,8
972,3.46,48.57,1,3.04,0,4.38,98756.45,0,0,1,25.17,1,4,1.54,169,2.01,12.63,6
973,2.67,55.31,1,6.29,0,4.52,87833.53,0,5,1,19.48,1,1,1.62,68,1.98,15.54,3
974,2.79,54.25,0,4.84,-4,4.92,82733.61,0,9,0,20.49,1,1,1.62,329,2.02,15.03,3
975,1.67,45.24,0,5.1,-8,4.65,100557.09,0,5,1,27.26,1,8,1.45,335,1.98,14.78,6
976,2.85,51.41,1,4.65,-4,4.12,100694.52,0,9,1,26.36,1,2,1.61,377,1.99,15.56,6
977,2.17,48.74,1,5.27,-4,5.55,108908.45,0,1,0,22.99,1,4,1.59,351,2.0,15.94,9
978,3.51,56.31,0,5.95,-9,5.35,104269.29,1,8,0,25.08,1,8,1.42,304,1.99,15.33,8
979,2.32,43.59,0,4.84,-5,5.98,95103.2,0,0,1,25.83,0,4,1.55,178,2.0,13.99,4
980,4.04,43.37,0,3.92,-6,6.71,81528.64,1,9,0,20.9,0,6,1.63,387,1.99,11.93,3
981,1.88,49.62,0,5.12,0,3.72,98757.71,1,2,1,21.72,1,7,1.34,224,2.0,14.06,6
982,2.56,52.23,0,4.05,-3,5.48,91946.07,1,2,1,23.6,1,5,1.44,243,1.98,17.16,4
983,3.11,49.72,0,7.6,-3,6.47,89243.81,1,1,1,23.75,1,3,1.59,179,1.98,17.07,3
984,2.63,49.61,1,5.1,-8,5.08,99474.64,0,3,0,22.25,1,9,1.64,45,2.04,14.99,6
985,2.25,52.76,0,4.91,-9,5.97,98920.67,0,6,1,25.67,1,1,1.57,178,1.96,16.05,6
986,2.77,50.18,0,5.54,-6,5.11,123391.03,0,0,0,22.47,1,6,1.36,220,2.02,16.96,10
987,3.45,53.88,1,3.54,0,2.98,108809.16,1,3,1,25.46,1,4,1.5,254,2.01,18.46,9
988,2.01,49.65,1,4.91,-6,6.07,89170.18,1,0,1,24.88,1,2,1.73,311,2.03,13.66,3
989,2.82,41.44,1,6.56,-3,4.19,99394.9,1,5,1,18.26,0,7,1.59,12,2.02,12.88,6
990,3.11,52.29,1,6.13,-3,5.83,101802.83,1,0,0,24.99,0,5,1.49,32,1.99,11.27,7
991,0.78,47.23,1,5.15,-7,5.88,83715.23,1,4,0,16.86,1,5,1.44,253,1.98,16.35,3
992,3.81,51.81,0,5.2,0,5.31,99046.77,1,6,0,23.14,0,7,1.55,61,1.99,17.73,6
993,2.35,44.9,1,6.04,-10,6.25,88107.29,1,7,1,25.61,0,4,1.56,202,1.98,19.94,3
994,3.3,60.29,0,4.46,-6,4.32,111998.15,1,6,1,19.82,0,8,1.63,261,1.99,18.6,9
995,2.33,52.84,0,4.54,-6,7.92,116831.41,0,9,0,21.44,0,8,1.44,82,2.01,16.85,10
996,2.71,58.24,1,3.57,-8,4.78,96511.36,1,3,0,24.52,1,5,1.51,280,1.99,15.95,5
997,2.26,46.84,0,6.57,-9,6.12,95559.36,0,1,0,24.33,1,7,1.45,204,1.98,15.99,5
998,3.51,55.81,1,5.86,-5,5.7,98984.89,1,6,0,21.76,0,9,1.42,315,2.01,11.81,6
999,2.3,49.89,1,5.1,-1,5.4,95246.31,1,6,0,25.78,0,2,1.6,48,2.01,16.13,4
